PID,DEWPOINT_AFFECTED
197,0.5
348,0.5
1072,0.5
420,0.5
198,0.5
328,0.5
422,0.5
1600,0.5
1073,0.5
245,0.5
1877,0.5
329,0.5
645,0.5
1648,0.5
199,0.5
376,0.5
1734,0.5
1297,0.5
1735,0.5
646,0.5
246,0.5
647,0.5
844,0.5
1649,0.5
1784,0.5
247,0.5
1736,0.5
1576,0.5
248,0.5
225,0.5
1847,0.5
249,0.5
226,0.5
1744,0.5
227,0.5
1785,0.5
1603,0.5
1605,0.5
1579,0.5
652,0.5
228,0.5
653,0.5
829,0.5
1079,0.5
847,0.5
1751,0.5
516,0.5
1854,0.5
229,0.5
517,0.5
332,0.5
230,0.5
1922,0.5
278,0.5
333,0.5
424,0.5
231,0.5
1856,0.5
232,0.5
1790,0.5
830,0.5
1583,0.5
849,0.5
335,0.5
336,0.5
1925,0.5
383,0.5
1656,0.5
425,0.5
1610,0.5
1881,0.5
426,0.5
1754,0.5
1791,0.5
831,0.5
832,0.5
1587,0.5
233,0.5
337,0.5
234,0.5
279,0.5
235,0.5
1657,0.5
280,0.5
339,0.5
1590,0.5
236,0.5
282,0.5
1658,0.5
237,0.5
502,0.5
853,0.5
1288,0.5
1660,0.5
340,0.5
1661,0.5
341,0.5
504,0.5
238,0.5
239,0.5
240,0.5
1793,0.5
505,0.5
506,0.5
241,0.5
834,0.5
342,0.5
1932,0.5
1289,0.5
522,0.5
835,0.5
1794,0.5
1512,0.5
1759,0.5
1291,0.5
1513,0.5
507,0.5
1886,0.5
1864,0.5
836,0.5
837,0.5
838,0.5
1760,0.5
1515,0.5
285,0.5
1516,0.5
981,0.5
1936,0.5
508,0.5
343,0.5
523,0.5
1796,0.5
1595,0.5
1868,0.5
983,0.5
1797,0.5
1798,0.5
1596,0.5
509,0.5
1518,0.5
242,0.5
1292,0.5
243,0.5
524,0.5
1597,0.5
344,0.5
526,0.5
510,0.5
345,0.5
346,0.5
1888,0.5
1842,0.5
1294,0.5
347,0.5
1295,0.5
986,0.5
630,0.5
1844,0.5
840,0.5
1937,0.5
1938,0.5
841,0.5
1316,0.5
1612,0.5
466,0.5
126,0.5
972,0.5
365,0.5
2037,0.5
1159,0.5
973,0.5
127,0.5
467,0.5
1317,0.5
899,0.5
1544,0.5
2038,0.5
1160,0.5
1545,0.5
900,0.5
974,0.5
468,0.5
128,0.5
129,0.5
975,0.5
901,0.5
469,0.5
130,0.5
470,0.5
1319,0.5
1161,0.5
1470,0.5
903,0.5
1614,0.5
904,0.5
1162,0.5
1615,0.5
1472,0.5
1473,0.5
1163,0.5
1322,0.5
905,0.5
2141,0.5
1323,0.5
906,0.5
1324,0.5
366,0.5
1616,0.5
367,0.5
1164,0.5
1617,0.5
1548,0.5
368,0.5
1549,0.5
369,0.5
1550,0.5
1165,0.5
1551,0.5
471,0.5
131,0.5
2661,0.5
908,0.5
1166,0.5
1167,0.5
1168,0.5
909,0.5
1618,0.5
1325,0.5
472,0.5
2142,0.5
132,0.5
370,0.5
1475,0.5
1082,0.5
474,0.5
133,0.5
1476,0.5
910,0.5
1477,0.5
1326,0.5
1554,0.5
911,0.5
134,0.5
1084,0.5
475,0.5
912,0.5
1327,0.5
476,0.5
2144,0.5
1169,0.5
1328,0.5
913,0.5
1086,0.5
1329,0.5
914,0.5
371,0.5
915,0.5
2145,0.5
1330,0.5
1478,0.5
1623,0.5
916,0.5
1170,0.5
579,0.5
917,0.5
918,0.5
1331,0.5
2147,0.5
580,0.5
581,0.5
1705,0.5
1088,0.5
135,0.5
136,0.5
1479,0.5
372,0.5
373,0.5
2150,0.5
2151,0.5
374,0.5
1172,0.5
2796,0.5
1480,0.5
137,0.5
920,0.5
1173,0.5
2153,0.5
138,0.5
1174,0.5
2154,0.5
139,0.5
1556,0.5
375,0.5
582,0.5
1176,0.5
401,0.5
583,0.5
1333,0.5
402,0.5
140,0.5
141,0.5
584,0.5
142,0.5
403,0.5
1557,0.5
2155,0.5
1089,0.5
404,0.5
585,0.5
1631,0.5
1178,0.5
1560,0.5
1091,0.5
1507,0.5
1508,0.5
2089,0.5
2828,0.5
958,0.5
3287,0.5
3729,0.5
1424,0.5
1431,0.5
1425,0.5
3288,0.5
2133,0.5
3675,0.5
3707,0.5
1426,0.5
3676,0.5
1509,0.5
959,0.5
3731,0.5
2839,0.5
960,0.5
961,0.5
962,0.5
963,0.5
964,0.5
965,0.5
3107,0.5
3108,0.5
1432,0.5
3110,0.5
1427,0.5
3111,0.5
2090,0.5
2841,0.5
2831,0.5
2832,0.5
3733,0.5
1687,0.5
3677,0.5
2116,0.5
3710,0.5
2842,0.5
3112,0.5
966,0.5
2117,0.5
2137,0.5
1433,0.5
1428,0.5
1434,0.5
3291,0.5
3292,0.5
2119,0.5
3114,0.5
3736,0.5
1662,0.5
1429,0.5
3737,0.5
3139,0.5
2121,0.5
2844,0.5
2122,0.5
3472,0.5
1663,0.5
1430,0.5
3115,0.5
1664,0.5
2124,0.5
2125,0.5
3117,0.5
2126,0.5
1665,0.5
3680,0.5
3681,0.5
1666,0.5
3118,0.5
1667,0.5
967,0.5
2973,0.5
3120,0.5
1688,0.5
1668,0.5
2128,0.5
1669,0.5
1670,0.5
3247,0.5
2974,0.5
968,0.5
2975,0.5
3478,0.5
3141,0.5
1671,0.5
2140,0.5
4112,0.5
3249,0.5
2976,0.5
3480,0.5
3717,0.5
969,0.5
3250,0.5
1672,0.5
970,0.5
971,0.5
3142,0.5
1673,0.5
3252,0.5
1674,0.5
2243,0.5
2129,0.5
2475,0.5
3143,0.5
3253,0.5
2836,0.5
3254,0.5
1675,0.5
2131,0.5
1676,0.5
3256,0.5
1677,0.5
1678,0.5
3745,0.5
1679,0.5
2977,0.5
3257,0.5
2245,0.5
8594,0.5
6847,0.5
8297,0.5
6256,0.5
7207,0.5
8166,0.5
7486,0.5
7487,0.5
6547,0.5
8167,0.5
8147,0.5
7488,0.5
6848,0.5
7489,0.5
6257,0.5
6943,0.5
6849,0.5
6850,0.5
7053,0.5
8151,0.5
7490,0.5
7491,0.5
6258,0.5
7492,0.5
9253,0.5
7054,0.5
9187,0.5
9673,0.5
7209,0.5
7055,0.5
7665,0.5
6945,0.5
6259,0.5
8996,0.5
8170,0.5
6260,0.5
9298,0.5
7056,0.5
7493,0.5
7210,0.5
6551,0.5
7494,0.5
8171,0.5
6946,0.5
7057,0.5
7058,0.5
8997,0.5
6261,0.5
6553,0.5
6948,0.5
6262,0.5
7667,0.5
9676,0.5
9400,0.5
7060,0.5
7668,0.5
7495,0.5
8998,0.5
7496,0.5
6949,0.5
8172,0.5
8157,0.5
6263,0.5
7212,0.5
6950,0.5
7213,0.5
6264,0.5
8301,0.5
7497,0.5
9001,0.5
9002,0.5
7498,0.5
6555,0.5
8605,0.5
8173,0.5
9003,0.5
8606,0.5
9193,0.5
8160,0.5
9678,0.5
7499,0.5
7500,0.5
9262,0.5
6951,0.5
9403,0.5
6265,0.5
9404,0.5
7502,0.5
7130,0.5
8607,0.5
6266,0.5
7214,0.5
9005,0.5
7131,0.5
7132,0.5
7133,0.5
9406,0.5
9305,0.5
7215,0.5
9263,0.5
6557,0.5
8161,0.5
6558,0.5
7063,0.5
7064,0.5
7216,0.5
6559,0.5
7134,0.5
7135,0.5
6560,0.5
9347,0.5
7217,0.5
6267,0.5
7065,0.5
7066,0.5
7673,0.5
7136,0.5
7067,0.5
7218,0.5
8176,0.5
7068,0.5
7069,0.5
8305,0.5
9268,0.5
9010,0.5
7070,0.5
8365,0.5
7504,0.5
8177,0.5
9012,0.5
7783,0.5
7784,0.5
8179,0.5
7785,0.5
9496,0.5
6562,0.5
7676,0.5
8180,0.5
7219,0.5
8308,0.5
9409,0.5
7071,0.5
6268,0.5
6269,0.5
9015,0.5
7072,0.5
6565,0.5
7679,0.5
8181,0.5
7073,0.5
8849,0.5
7680,0.5
7221,0.5
8614,0.5
7786,0.5
8183,0.5
8184,0.5
8615,0.5
8185,0.5
18494,0.5
16316,0.5
17403,0.5
18903,0.5
16480,0.5
17726,0.5
16317,0.5
18704,0.5
17492,0.5
16318,0.5
16319,0.5
16481,0.5
17493,0.5
17405,0.5
18495,0.5
16320,0.5
17508,0.5
17523,0.5
17524,0.5
17509,0.5
17728,0.5
17525,0.5
16482,0.5
16337,0.5
18513,0.5
16483,0.5
17527,0.5
17510,0.5
16463,0.5
16464,0.5
16484,0.5
16321,0.5
16322,0.5
16323,0.5
17407,0.5
17729,0.5
17408,0.5
16324,0.5
18685,0.5
18711,0.5
18497,0.5
17495,0.5
17529,0.5
19762,0.5
18687,0.5
17530,0.5
16485,0.5
17512,0.5
16486,0.5
16465,0.5
17497,0.5
19034,0.5
17498,0.5
18689,0.5
17714,0.5
17715,0.5
19669,0.5
17409,0.5
16487,0.5
17730,0.5
17753,0.5
19766,0.5
18914,0.5
18715,0.5
18500,0.5
18690,0.5
17754,0.5
18716,0.5
17532,0.5
16613,0.5
18501,0.5
17533,0.5
16466,0.5
18893,0.5
16614,0.5
17716,0.5
18503,0.5
17717,0.5
16615,0.5
17411,0.5
16616,0.5
17731,0.5
18818,0.5
16467,0.5
17732,0.5
16325,0.5
17733,0.5
17718,0.5
16617,0.5
16618,0.5
17734,0.5
18506,0.5
18894,0.5
16326,0.5
18895,0.5
16469,0.5
16619,0.5
19947,0.5
17515,0.5
17735,0.5
18820,0.5
17758,0.5
19024,0.5
18507,0.5
17500,0.5
18897,0.5
17719,0.5
16327,0.5
17739,0.5
17516,0.5
16620,0.5
16621,0.5
17761,0.5
16622,0.5
17736,0.5
16623,0.5
19026,0.5
17744,0.5
16624,0.5
16471,0.5
18509,0.5
16328,0.5
18899,0.5
16473,0.5
17737,0.5
16329,0.5
19956,0.5
17720,0.5
17763,0.5
16625,0.5
17721,0.5
16330,0.5
16331,0.5
16626,0.5
16475,0.5
16476,0.5
17990,0.5
17502,0.5
19958,0.5
16627,0.5
16477,0.5
16332,0.5
17722,0.5
17503,0.5
17992,0.5
17724,0.5
18824,0.5
17518,0.5
16333,0.5
18901,0.5
16628,0.5
17747,0.5
17504,0.5
18902,0.5
16629,0.5
19028,0.5
16334,0.5
16630,0.5
18826,0.5
16335,0.5
17520,0.5
16631,0.5
17521,0.5
17505,0.5
16336,0.5
4114,0.5
2978,0.5
2223,0.5
2246,0.5
1680,0.5
2979,0.5
2224,0.5
2877,0.5
2247,0.5
1681,0.5
2980,0.5
3663,0.5
3504,0.5
3505,0.5
2225,0.5
2248,0.5
2981,0.5
3506,0.5
3666,0.5
1682,0.5
2878,0.5
2982,0.5
2983,0.5
2249,0.5
2984,0.5
4115,0.5
2985,0.5
1683,0.5
2986,0.5
2226,0.5
3668,0.5
2227,0.5
2988,0.5
2228,0.5
3507,0.5
4116,0.5
3669,0.5
2229,0.5
2250,0.5
2251,0.5
2252,0.5
2879,0.5
3508,0.5
1684,0.5
2880,0.5
1685,0.5
1686,0.5
1813,0.5
2989,0.5
4117,0.5
3671,0.5
4376,0.5
4118,0.5
4119,0.5
1814,0.5
2990,0.5
2230,0.5
3891,0.5
2991,0.5
2253,0.5
2254,0.5
3509,0.5
4120,0.5
2255,0.5
3510,0.5
4377,0.5
3892,0.5
2881,0.5
4121,0.5
2256,0.5
3673,0.5
4379,0.5
3511,0.5
2257,0.5
2258,0.5
4380,0.5
2992,0.5
2231,0.5
3977,0.5
2993,0.5
2882,0.5
3512,0.5
2259,0.5
1815,0.5
2994,0.5
4123,0.5
1816,0.5
2260,0.5
2883,0.5
3894,0.5
2232,0.5
2233,0.5
4124,0.5
2261,0.5
1817,0.5
1818,0.5
2234,0.5
3898,0.5
2884,0.5
4125,0.5
2995,0.5
2885,0.5
2235,0.5
1819,0.5
4383,0.5
2886,0.5
2236,0.5
3513,0.5
4078,0.5
2887,0.5
4079,0.5
2262,0.5
2237,0.5
3146,0.5
1820,0.5
4126,0.5
3514,0.5
2238,0.5
2239,0.5
3147,0.5
2240,0.5
1821,0.5
4127,0.5
2263,0.5
1822,0.5
2264,0.5
2265,0.5
1823,0.5
2241,0.5
2266,0.5
4279,0.5
1824,0.5
4280,0.5
4386,0.5
2392,0.5
2417,0.5
4281,0.5
2393,0.5
4085,0.5
4282,0.5
3148,0.5
3515,0.5
1825,0.5
2888,0.5
2889,0.5
4283,0.5
3517,0.5
3518,0.5
2890,0.5
4284,0.5
9730,0.5
8212,0.5
10722,0.5
9731,0.5
9699,0.5
8191,0.5
10231,0.5
11046,0.5
10199,0.5
9732,0.5
9717,0.5
9051,0.5
9718,0.5
9700,0.5
8192,0.5
9052,0.5
9053,0.5
9733,0.5
9734,0.5
8213,0.5
10350,0.5
10351,0.5
8193,0.5
9054,0.5
9055,0.5
10232,0.5
10233,0.5
10854,0.5
10352,0.5
8390,0.5
8194,0.5
9701,0.5
9735,0.5
9056,0.5
9560,0.5
9057,0.5
9058,0.5
9736,0.5
10353,0.5
8391,0.5
11049,0.5
10234,0.5
10235,0.5
10236,0.5
10237,0.5
10702,0.5
8195,0.5
9848,0.5
10704,0.5
9703,0.5
8196,0.5
9738,0.5
8392,0.5
9059,0.5
8393,0.5
10238,0.5
10239,0.5
9563,0.5
9704,0.5
8197,0.5
8198,0.5
8394,0.5
9850,0.5
10356,0.5
9705,0.5
9565,0.5
9060,0.5
10858,0.5
10241,0.5
9740,0.5
9061,0.5
9741,0.5
8395,0.5
10242,0.5
9742,0.5
8396,0.5
9743,0.5
9706,0.5
10713,0.5
8397,0.5
8398,0.5
8199,0.5
10243,0.5
9567,0.5
9062,0.5
10359,0.5
10244,0.5
9063,0.5
10245,0.5
8200,0.5
9854,0.5
10246,0.5
9745,0.5
10715,0.5
10247,0.5
11354,0.5
8201,0.5
8202,0.5
9064,0.5
9746,0.5
9855,0.5
8399,0.5
9569,0.5
9065,0.5
10249,0.5
8400,0.5
8203,0.5
9722,0.5
9900,0.5
9901,0.5
8401,0.5
8402,0.5
11208,0.5
9708,0.5
8204,0.5
8205,0.5
9709,0.5
9710,0.5
9711,0.5
8206,0.5
10864,0.5
10865,0.5
9066,0.5
8207,0.5
8208,0.5
10867,0.5
9723,0.5
9724,0.5
8403,0.5
11895,0.5
10868,0.5
10250,0.5
9905,0.5
10251,0.5
8404,0.5
9726,0.5
8405,0.5
11214,0.5
10252,0.5
10363,0.5
9858,0.5
8209,0.5
10869,0.5
9712,0.5
9067,0.5
8406,0.5
9727,0.5
9728,0.5
9713,0.5
9714,0.5
11218,0.5
9219,0.5
9906,0.5
8407,0.5
12256,0.5
10254,0.5
10365,0.5
9220,0.5
10366,0.5
9907,0.5
11901,0.5
8210,0.5
9221,0.5
8211,0.5
10870,0.5
9715,0.5
9716,0.5
10257,0.5
9862,0.5
9222,0.5
10367,0.5
12007,0.5
10178,0.5
11714,0.5
8877,0.5
12548,0.5
9980,0.5
11159,0.5
10604,0.5
12549,0.5
8878,0.5
11637,0.5
12673,0.5
8879,0.5
12011,0.5
8880,0.5
8881,0.5
10179,0.5
8882,0.5
11162,0.5
11163,0.5
13729,0.5
11716,0.5
10606,0.5
11717,0.5
9981,0.5
9982,0.5
12550,0.5
8883,0.5
10749,0.5
11184,0.5
8884,0.5
11185,0.5
10180,0.5
10146,0.5
10147,0.5
10148,0.5
10902,0.5
8885,0.5
10149,0.5
9983,0.5
9984,0.5
11164,0.5
11718,0.5
11186,0.5
11771,0.5
11165,0.5
8886,0.5
10226,0.5
9985,0.5
10227,0.5
12613,0.5
12802,0.5
9986,0.5
10610,0.5
8887,0.5
11187,0.5
8888,0.5
10182,0.5
12614,0.5
10228,0.5
11166,0.5
10183,0.5
9987,0.5
10907,0.5
11411,0.5
8889,0.5
9988,0.5
11773,0.5
11189,0.5
9989,0.5
10612,0.5
8890,0.5
8891,0.5
10908,0.5
11775,0.5
11776,0.5
10186,0.5
9990,0.5
9991,0.5
10187,0.5
10188,0.5
10613,0.5
9992,0.5
12618,0.5
10189,0.5
9993,0.5
11721,0.5
9994,0.5
10190,0.5
8892,0.5
10912,0.5
9043,0.5
9044,0.5
11722,0.5
12055,0.5
10191,0.5
10914,0.5
10915,0.5
11172,0.5
10192,0.5
9045,0.5
12619,0.5
10614,0.5
9046,0.5
9047,0.5
9048,0.5
10193,0.5
10615,0.5
10916,0.5
12620,0.5
12020,0.5
9049,0.5
12809,0.5
10194,0.5
12058,0.5
10195,0.5
10196,0.5
9995,0.5
12022,0.5
10197,0.5
11724,0.5
11725,0.5
11777,0.5
9996,0.5
11195,0.5
11306,0.5
9050,0.5
12060,0.5
11307,0.5
10918,0.5
11308,0.5
10198,0.5
12624,0.5
9997,0.5
11309,0.5
9998,0.5
3982,0.5
5050,0.5
8018,0.5
8019,0.5
3983,0.5
5236,0.5
6306,0.5
5887,0.5
3984,0.5
3985,0.5
5888,0.5
5889,0.5
5051,0.5
5052,0.5
5053,0.5
5021,0.5
7192,0.5
6489,0.5
3986,0.5
8021,0.5
6490,0.5
6913,0.5
6071,0.5
6371,0.5
5022,0.5
6491,0.5
8022,0.5
6492,0.5
5054,0.5
3987,0.5
6493,0.5
6182,0.5
6309,0.5
5890,0.5
5891,0.5
5023,0.5
6494,0.5
6379,0.5
6380,0.5
3988,0.5
6183,0.5
5992,0.5
6310,0.5
6495,0.5
7631,0.5
3989,0.5
5024,0.5
5025,0.5
5026,0.5
3990,0.5
7198,0.5
5993,0.5
3991,0.5
6496,0.5
3992,0.5
3993,0.5
6497,0.5
3994,0.5
6311,0.5
5994,0.5
6498,0.5
5027,0.5
3995,0.5
6382,0.5
7199,0.5
8027,0.5
3996,0.5
3997,0.5
6187,0.5
5995,0.5
6383,0.5
7200,0.5
8317,0.5
5028,0.5
6599,0.5
5996,0.5
3998,0.5
7761,0.5
5391,0.5
5997,0.5
5998,0.5
7202,0.5
5999,0.5
3999,0.5
5055,0.5
6191,0.5
6314,0.5
4000,0.5
6315,0.5
7762,0.5
4153,0.5
5056,0.5
6600,0.5
6192,0.5
4154,0.5
7204,0.5
6385,0.5
6601,0.5
5057,0.5
4155,0.5
6316,0.5
4156,0.5
6194,0.5
5393,0.5
6000,0.5
6001,0.5
6318,0.5
5029,0.5
5030,0.5
8321,0.5
5395,0.5
6002,0.5
5058,0.5
5396,0.5
8322,0.5
6387,0.5
6003,0.5
6004,0.5
5031,0.5
5032,0.5
6197,0.5
6920,0.5
5397,0.5
5238,0.5
5033,0.5
6005,0.5
4157,0.5
5398,0.5
6389,0.5
6319,0.5
8323,0.5
6199,0.5
5239,0.5
5240,0.5
6391,0.5
5241,0.5
6202,0.5
6603,0.5
8034,0.5
6604,0.5
6203,0.5
6605,0.5
5263,0.5
6606,0.5
6607,0.5
6608,0.5
5399,0.5
6006,0.5
4158,0.5
6609,0.5
6007,0.5
6610,0.5
8326,0.5
5400,0.5
4159,0.5
4160,0.5
5264,0.5
8036,0.5
5242,0.5
6450,0.5
4161,0.5
4162,0.5
6393,0.5
5401,0.5
6612,0.5
6451,0.5
6008,0.5
8327,0.5
6394,0.5
5265,0.5
6395,0.5
5266,0.5
6613,0.5
6204,0.5
6614,0.5
4163,0.5
5267,0.5
5402,0.5
6009,0.5
6010,0.5
6616,0.5
5243,0.5
8216,0.5
6617,0.5
6624,0.5
5268,0.5
4164,0.5
6618,0.5
6011,0.5
6625,0.5
6619,0.5
5269,0.5
6452,0.5
6206,0.5
5270,0.5
1949,0.5
2043,0.5
631,0.5
2270,0.5
287,0.5
288,0.5
632,0.5
1133,0.5
1950,0.5
2272,0.5
289,0.5
1951,0.5
3774,0.5
1976,0.5
1952,0.5
2273,0.5
1519,0.5
1904,0.5
290,0.5
3775,0.5
1135,0.5
2274,0.5
2045,0.5
1953,0.5
2046,0.5
291,0.5
1954,0.5
1955,0.5
1977,0.5
292,0.5
2275,0.5
1905,0.5
293,0.5
4007,0.5
294,0.5
1956,0.5
1521,0.5
1957,0.5
1522,0.5
1523,0.5
1978,0.5
1524,0.5
1525,0.5
633,0.5
295,0.5
634,0.5
1910,0.5
1958,0.5
2048,0.5
2049,0.5
1979,0.5
1526,0.5
2050,0.5
1139,0.5
296,0.5
2277,0.5
635,0.5
1981,0.5
3780,0.5
3781,0.5
2278,0.5
297,0.5
2279,0.5
2051,0.5
1527,0.5
1959,0.5
1960,0.5
298,0.5
1142,0.5
299,0.5
1982,0.5
325,0.5
1911,0.5
2280,0.5
1912,0.5
1961,0.5
636,0.5
1529,0.5
1530,0.5
4011,0.5
1531,0.5
1983,0.5
3552,0.5
4012,0.5
3782,0.5
4013,0.5
1984,0.5
2054,0.5
637,0.5
1532,0.5
1533,0.5
1985,0.5
638,0.5
2281,0.5
2282,0.5
2283,0.5
1962,0.5
1963,0.5
1964,0.5
1986,0.5
2055,0.5
1534,0.5
3785,0.5
1987,0.5
1988,0.5
2284,0.5
2056,0.5
2057,0.5
4016,0.5
2285,0.5
639,0.5
1989,0.5
2286,0.5
3787,0.5
2058,0.5
2059,0.5
640,0.5
2287,0.5
641,0.5
2288,0.5
2289,0.5
1145,0.5
3788,0.5
1738,0.5
2290,0.5
3558,0.5
2091,0.5
326,0.5
642,0.5
327,0.5
2192,0.5
3604,0.5
2060,0.5
2092,0.5
2291,0.5
1739,0.5
2061,0.5
2093,0.5
71,0.5
1054,0.5
586,0.5
823,0.5
72,0.5
709,0.5
804,0.5
214,0.5
252,0.5
73,0.5
587,0.5
561,0.5
805,0.5
826,0.5
216,0.5
944,0.5
254,0.5
255,0.5
945,0.5
589,0.5
946,0.5
562,0.5
563,0.5
590,0.5
74,0.5
54,0.5
748,0.5
1195,0.5
75,0.5
257,0.5
218,0.5
947,0.5
76,0.5
258,0.5
219,0.5
710,0.5
591,0.5
564,0.5
1196,0.5
749,0.5
55,0.5
950,0.5
750,0.5
592,0.5
827,0.5
56,0.5
712,0.5
1214,0.5
260,0.5
808,0.5
261,0.5
57,0.5
952,0.5
1198,0.5
77,0.5
1199,0.5
78,0.5
262,0.5
1011,0.5
1181,0.5
565,0.5
566,0.5
713,0.5
567,0.5
221,0.5
568,0.5
569,0.5
810,0.5
811,0.5
58,0.5
596,0.5
715,0.5
570,0.5
59,0.5
222,0.5
1012,0.5
1110,0.5
60,0.5
597,0.5
598,0.5
1183,0.5
1184,0.5
599,0.5
571,0.5
812,0.5
263,0.5
223,0.5
1185,0.5
264,0.5
814,0.5
1111,0.5
224,0.5
717,0.5
79,0.5
718,0.5
719,0.5
572,0.5
265,0.5
61,0.5
815,0.5
80,0.5
62,0.5
81,0.5
82,0.5
266,0.5
816,0.5
721,0.5
1204,0.5
83,0.5
573,0.5
574,0.5
84,0.5
85,0.5
1276,0.5
267,0.5
268,0.5
600,0.5
63,0.5
575,0.5
576,0.5
817,0.5
601,0.5
818,0.5
722,0.5
956,0.5
577,0.5
64,0.5
65,0.5
269,0.5
270,0.5
87,0.5
820,0.5
704,0.5
705,0.5
1192,0.5
706,0.5
1230,0.5
271,0.5
1280,0.5
603,0.5
66,0.5
1281,0.5
1193,0.5
1023,0.5
1112,0.5
724,0.5
1113,0.5
67,0.5
1283,0.5
68,0.5
1385,0.5
69,0.5
821,0.5
725,0.5
88,0.5
1115,0.5
708,0.5
70,0.5
251,0.5
6620,0.5
4971,0.5
5244,0.5
6012,0.5
26002,0.5
4972,0.5
6453,0.5
6454,0.5
6013,0.5
6621,0.5
6014,0.5
5853,0.5
4973,0.5
4165,0.5
6016,0.5
4974,0.5
5246,0.5
6400,0.5
4975,0.5
6144,0.5
5215,0.5
4166,0.5
5248,0.5
5216,0.5
5217,0.5
6623,0.5
7097,0.5
5271,0.5
5249,0.5
6040,0.5
26006,0.5
5250,0.5
4976,0.5
5218,0.5
5219,0.5
4977,0.5
6403,0.5
6628,0.5
5857,0.5
4978,0.5
6880,0.5
7098,0.5
6138,0.5
5252,0.5
4979,0.5
5253,0.5
4980,0.5
5220,0.5
4167,0.5
6139,0.5
5273,0.5
6629,0.5
6777,0.5
5254,0.5
5222,0.5
5255,0.5
6141,0.5
6462,0.5
4981,0.5
4168,0.5
6778,0.5
5858,0.5
7102,0.5
6406,0.5
4169,0.5
6463,0.5
5275,0.5
6631,0.5
26015,0.5
6142,0.5
6885,0.5
4170,0.5
5256,0.5
6779,0.5
5257,0.5
4171,0.5
5258,0.5
5225,0.5
4983,0.5
4172,0.5
7899,0.5
5085,0.5
6888,0.5
5276,0.5
7103,0.5
6148,0.5
5259,0.5
6634,0.5
6890,0.5
5277,0.5
4173,0.5
5227,0.5
6149,0.5
4174,0.5
5278,0.5
4175,0.5
5279,0.5
26021,0.5
6150,0.5
5228,0.5
5088,0.5
26023,0.5
6782,0.5
5261,0.5
5229,0.5
6151,0.5
6152,0.5
4176,0.5
5262,0.5
6414,0.5
5089,0.5
5090,0.5
6783,0.5
6153,0.5
6154,0.5
6155,0.5
5280,0.5
6467,0.5
5515,0.5
5516,0.5
5281,0.5
5517,0.5
4177,0.5
5282,0.5
6274,0.5
5091,0.5
5092,0.5
6156,0.5
6636,0.5
4479,0.5
5231,0.5
6637,0.5
6157,0.5
5232,0.5
5519,0.5
6785,0.5
6638,0.5
5233,0.5
6468,0.5
5094,0.5
6639,0.5
6469,0.5
5234,0.5
4480,0.5
6158,0.5
4481,0.5
6470,0.5
6641,0.5
5284,0.5
5235,0.5
6159,0.5
8064,0.5
6160,0.5
5520,0.5
6161,0.5
5521,0.5
5285,0.5
5522,0.5
5095,0.5
5286,0.5
5287,0.5
8066,0.5
300,0.5
0,0.5
501,0.5
543,0.5
321,0.5
605,0.5
301,0.5
34,0.5
302,0.5
693,0.5
303,0.5
477,0.5
1,0.5
100,0.5
35,0.5
124,0.5
680,0.5
150,0.5
2,0.5
3,0.5
166,0.5
447,0.5
757,0.5
4,0.5
479,0.5
167,0.5
545,0.5
102,0.5
304,0.5
36,0.5
530,0.5
168,0.5
153,0.5
682,0.5
449,0.5
305,0.5
482,0.5
531,0.5
169,0.5
5,0.5
37,0.5
20,0.5
483,0.5
21,0.5
170,0.5
104,0.5
105,0.5
6,0.5
22,0.5
306,0.5
172,0.5
39,0.5
173,0.5
429,0.5
666,0.5
451,0.5
684,0.5
174,0.5
486,0.5
200,0.5
612,0.5
534,0.5
106,0.5
155,0.5
430,0.5
156,0.5
40,0.5
23,0.5
7,0.5
42,0.5
202,0.5
8,0.5
551,0.5
685,0.5
9,0.5
307,0.5
308,0.5
535,0.5
616,0.5
10,0.5
110,0.5
11,0.5
43,0.5
24,0.5
204,0.5
158,0.5
112,0.5
113,0.5
159,0.5
160,0.5
114,0.5
161,0.5
309,0.5
45,0.5
310,0.5
618,0.5
619,0.5
670,0.5
25,0.5
491,0.5
205,0.5
686,0.5
536,0.5
620,0.5
555,0.5
12,0.5
27,0.5
13,0.5
434,0.5
47,0.5
311,0.5
436,0.5
14,0.5
312,0.5
672,0.5
162,0.5
493,0.5
163,0.5
207,0.5
117,0.5
538,0.5
313,0.5
495,0.5
48,0.5
622,0.5
208,0.5
49,0.5
50,0.5
164,0.5
51,0.5
15,0.5
439,0.5
16,0.5
314,0.5
30,0.5
31,0.5
121,0.5
317,0.5
209,0.5
210,0.5
318,0.5
319,0.5
540,0.5
17,0.5
558,0.5
18,0.5
122,0.5
442,0.5
33,0.5
542,0.5
52,0.5
53,0.5
212,0.5
320,0.5
213,0.5
1483,0.5
921,0.5
987,0.5
1632,0.5
143,0.5
144,0.5
729,0.5
2333,0.5
405,0.5
1484,0.5
395,0.5
1388,0.5
1633,0.5
1389,0.5
989,0.5
145,0.5
146,0.5
407,0.5
922,0.5
990,0.5
1562,0.5
1763,0.5
396,0.5
147,0.5
1764,0.5
730,0.5
397,0.5
2511,0.5
1713,0.5
409,0.5
410,0.5
1714,0.5
1635,0.5
1765,0.5
398,0.5
923,0.5
399,0.5
2336,0.5
1390,0.5
400,0.5
1766,0.5
1717,0.5
991,0.5
925,0.5
411,0.5
1391,0.5
926,0.5
1768,0.5
1392,0.5
992,0.5
148,0.5
2516,0.5
731,0.5
1639,0.5
453,0.5
412,0.5
928,0.5
993,0.5
149,0.5
175,0.5
454,0.5
994,0.5
413,0.5
1720,0.5
176,0.5
995,0.5
1640,0.5
1393,0.5
1055,0.5
1722,0.5
455,0.5
1056,0.5
414,0.5
1564,0.5
1057,0.5
732,0.5
1770,0.5
177,0.5
415,0.5
178,0.5
456,0.5
1565,0.5
179,0.5
457,0.5
416,0.5
180,0.5
1771,0.5
1058,0.5
458,0.5
417,0.5
459,0.5
181,0.5
1060,0.5
1061,0.5
460,0.5
1643,0.5
736,0.5
996,0.5
1773,0.5
997,0.5
2340,0.5
1062,0.5
182,0.5
461,0.5
998,0.5
999,0.5
183,0.5
184,0.5
1063,0.5
418,0.5
1567,0.5
462,0.5
185,0.5
1064,0.5
1000,0.5
2597,0.5
463,0.5
2598,0.5
1644,0.5
739,0.5
1399,0.5
1570,0.5
1645,0.5
419,0.5
1775,0.5
1001,0.5
740,0.5
1401,0.5
1067,0.5
1002,0.5
1003,0.5
2647,0.5
186,0.5
187,0.5
2906,0.5
1068,0.5
1776,0.5
188,0.5
464,0.5
1730,0.5
465,0.5
1572,0.5
189,0.5
190,0.5
1069,0.5
191,0.5
1731,0.5
192,0.5
1402,0.5
1574,0.5
1156,0.5
193,0.5
194,0.5
1778,0.5
1157,0.5
1647,0.5
1070,0.5
1071,0.5
195,0.5
1158,0.5
196,0.5
4272,0.5
5361,0.5
5429,0.5
5466,0.5
4238,0.5
5362,0.5
4274,0.5
4076,0.5
4503,0.5
4239,0.5
4275,0.5
4407,0.5
5467,0.5
4504,0.5
3055,0.5
4077,0.5
5363,0.5
3056,0.5
3057,0.5
4254,0.5
4606,0.5
4240,0.5
4607,0.5
4608,0.5
3058,0.5
5364,0.5
3232,0.5
5415,0.5
4241,0.5
4255,0.5
3059,0.5
3060,0.5
5494,0.5
4409,0.5
3061,0.5
5469,0.5
5470,0.5
3062,0.5
4410,0.5
4242,0.5
5554,0.5
4411,0.5
5471,0.5
5472,0.5
3235,0.5
3236,0.5
4244,0.5
4454,0.5
4412,0.5
5555,0.5
4245,0.5
3063,0.5
5475,0.5
5556,0.5
5557,0.5
3064,0.5
3065,0.5
4256,0.5
3066,0.5
4257,0.5
4455,0.5
4246,0.5
4258,0.5
4247,0.5
4259,0.5
3067,0.5
5433,0.5
3238,0.5
3068,0.5
5500,0.5
4260,0.5
5724,0.5
3069,0.5
5477,0.5
4456,0.5
5416,0.5
4457,0.5
4248,0.5
5560,0.5
4459,0.5
4460,0.5
5418,0.5
5205,0.5
4415,0.5
4249,0.5
5501,0.5
3240,0.5
4416,0.5
5420,0.5
3070,0.5
4417,0.5
5502,0.5
3221,0.5
4261,0.5
4262,0.5
4263,0.5
4418,0.5
3243,0.5
4616,0.5
3244,0.5
5561,0.5
4251,0.5
4617,0.5
5421,0.5
3245,0.5
4252,0.5
3222,0.5
4419,0.5
5422,0.5
5437,0.5
5480,0.5
3372,0.5
4253,0.5
4463,0.5
4264,0.5
5423,0.5
5482,0.5
5208,0.5
4265,0.5
4266,0.5
4267,0.5
4464,0.5
3373,0.5
5424,0.5
3223,0.5
3374,0.5
4268,0.5
4622,0.5
5439,0.5
3224,0.5
5425,0.5
3225,0.5
5485,0.5
3226,0.5
5486,0.5
4269,0.5
5426,0.5
4270,0.5
4465,0.5
4423,0.5
5507,0.5
5767,0.5
4404,0.5
3227,0.5
3228,0.5
4271,0.5
4467,0.5
3378,0.5
3379,0.5
3229,0.5
5427,0.5
5428,0.5
3230,0.5
4468,0.5
6162,0.5
4490,0.5
5535,0.5
4491,0.5
4482,0.5
6750,0.5
6770,0.5
6283,0.5
7013,0.5
6751,0.5
5310,0.5
6752,0.5
5866,0.5
6163,0.5
4492,0.5
6017,0.5
5288,0.5
6164,0.5
5289,0.5
4483,0.5
6018,0.5
5096,0.5
5313,0.5
6338,0.5
5290,0.5
7540,0.5
5291,0.5
4493,0.5
5292,0.5
6019,0.5
6020,0.5
4494,0.5
5097,0.5
6168,0.5
5293,0.5
7812,0.5
5526,0.5
4495,0.5
6286,0.5
5098,0.5
6023,0.5
6774,0.5
5294,0.5
4496,0.5
5099,0.5
5296,0.5
7083,0.5
5100,0.5
5101,0.5
5297,0.5
6024,0.5
6025,0.5
6797,0.5
5539,0.5
5298,0.5
5299,0.5
5103,0.5
5104,0.5
5592,0.5
5105,0.5
5301,0.5
6026,0.5
4497,0.5
6775,0.5
6027,0.5
6287,0.5
6028,0.5
5106,0.5
4498,0.5
6029,0.5
6030,0.5
7002,0.5
4484,0.5
6757,0.5
6344,0.5
5302,0.5
6648,0.5
5594,0.5
6031,0.5
6801,0.5
5303,0.5
5528,0.5
7020,0.5
5304,0.5
5107,0.5
4485,0.5
6330,0.5
5305,0.5
6033,0.5
6288,0.5
5449,0.5
7005,0.5
6331,0.5
5530,0.5
7006,0.5
6758,0.5
7549,0.5
6034,0.5
4499,0.5
5108,0.5
6954,0.5
4500,0.5
6759,0.5
5595,0.5
5450,0.5
6289,0.5
4501,0.5
7024,0.5
6035,0.5
6760,0.5
4486,0.5
5109,0.5
7025,0.5
6334,0.5
4487,0.5
5597,0.5
6503,0.5
6335,0.5
6762,0.5
5212,0.5
6292,0.5
6504,0.5
5532,0.5
5598,0.5
5213,0.5
6957,0.5
5600,0.5
4488,0.5
4489,0.5
6765,0.5
5308,0.5
6294,0.5
5601,0.5
6507,0.5
6767,0.5
5602,0.5
5309,0.5
5451,0.5
4502,0.5
10505,0.5
9425,0.5
11940,0.5
10506,0.5
10531,0.5
11506,0.5
11070,0.5
11734,0.5
11735,0.5
11942,0.5
10165,0.5
9426,0.5
10166,0.5
11507,0.5
10167,0.5
12222,0.5
12430,0.5
11539,0.5
11508,0.5
13093,0.5
11071,0.5
10508,0.5
9427,0.5
11103,0.5
9428,0.5
9429,0.5
10509,0.5
13558,0.5
11540,0.5
13096,0.5
11104,0.5
11738,0.5
10168,0.5
11075,0.5
11510,0.5
9430,0.5
11511,0.5
12856,0.5
11226,0.5
11543,0.5
12857,0.5
11105,0.5
10510,0.5
12223,0.5
11545,0.5
11228,0.5
11106,0.5
11547,0.5
11741,0.5
10511,0.5
9431,0.5
10532,0.5
11548,0.5
9432,0.5
11230,0.5
12860,0.5
12225,0.5
9433,0.5
10169,0.5
11512,0.5
11947,0.5
10533,0.5
12863,0.5
12402,0.5
10534,0.5
11513,0.5
10170,0.5
10171,0.5
10536,0.5
10512,0.5
11109,0.5
11749,0.5
9436,0.5
10172,0.5
10538,0.5
10539,0.5
10513,0.5
11233,0.5
9437,0.5
9438,0.5
10540,0.5
10173,0.5
10541,0.5
10542,0.5
10514,0.5
11235,0.5
10515,0.5
10543,0.5
12282,0.5
10544,0.5
9439,0.5
10174,0.5
10325,0.5
11236,0.5
10326,0.5
10327,0.5
13102,0.5
10328,0.5
12440,0.5
12030,0.5
9440,0.5
10546,0.5
10329,0.5
13063,0.5
11517,0.5
12408,0.5
12409,0.5
10517,0.5
12410,0.5
10330,0.5
10331,0.5
10549,0.5
12871,0.5
12412,0.5
12872,0.5
9441,0.5
11679,0.5
11680,0.5
10332,0.5
11902,0.5
10518,0.5
11237,0.5
14427,0.5
14838,0.5
14839,0.5
15316,0.5
14659,0.5
14050,0.5
15670,0.5
14051,0.5
15172,0.5
14402,0.5
14052,0.5
15733,0.5
14660,0.5
14428,0.5
15317,0.5
15318,0.5
14429,0.5
13323,0.5
15850,0.5
14053,0.5
14054,0.5
15173,0.5
14404,0.5
15851,0.5
15735,0.5
14055,0.5
16754,0.5
15672,0.5
15852,0.5
15853,0.5
14405,0.5
15717,0.5
14532,0.5
14533,0.5
15320,0.5
16302,0.5
13324,0.5
14430,0.5
15321,0.5
14256,0.5
15626,0.5
15174,0.5
14845,0.5
15674,0.5
14846,0.5
14534,0.5
14557,0.5
14257,0.5
14847,0.5
14558,0.5
13325,0.5
14258,0.5
14661,0.5
13326,0.5
14662,0.5
14559,0.5
14259,0.5
14260,0.5
13327,0.5
14535,0.5
15855,0.5
15178,0.5
14663,0.5
13530,0.5
14536,0.5
14261,0.5
15857,0.5
14664,0.5
15722,0.5
15723,0.5
13531,0.5
13532,0.5
14561,0.5
14665,0.5
14537,0.5
14666,0.5
13533,0.5
13534,0.5
14562,0.5
15183,0.5
14563,0.5
14668,0.5
13535,0.5
13536,0.5
15185,0.5
14262,0.5
14564,0.5
16530,0.5
14538,0.5
16799,0.5
14850,0.5
14851,0.5
14852,0.5
14539,0.5
15336,0.5
14670,0.5
13537,0.5
15337,0.5
14854,0.5
15860,0.5
15861,0.5
15634,0.5
14263,0.5
15338,0.5
15944,0.5
14855,0.5
13538,0.5
16829,0.5
13539,0.5
13540,0.5
14671,0.5
16312,0.5
14565,0.5
15326,0.5
14856,0.5
14857,0.5
14858,0.5
15340,0.5
14541,0.5
15636,0.5
16441,0.5
14542,0.5
14543,0.5
16830,0.5
14960,0.5
13541,0.5
14961,0.5
14264,0.5
14672,0.5
15915,0.5
15841,0.5
14265,0.5
13542,0.5
15328,0.5
15342,0.5
15949,0.5
15763,0.5
14673,0.5
14567,0.5
14266,0.5
14674,0.5
15727,0.5
15916,0.5
14568,0.5
13543,0.5
14267,0.5
15843,0.5
15917,0.5
14675,0.5
14963,0.5
15330,0.5
14545,0.5
14676,0.5
13544,0.5
14569,0.5
15345,0.5
13545,0.5
15767,0.5
13546,0.5
15347,0.5
14677,0.5
15769,0.5
14268,0.5
15331,0.5
16812,0.5
15918,0.5
14678,0.5
14679,0.5
14965,0.5
14680,0.5
14269,0.5
14570,0.5
15731,0.5
14681,0.5
14270,0.5
15332,0.5
14834,0.5
15333,0.5
14835,0.5
15349,0.5
14836,0.5
13547,0.5
13548,0.5
14571,0.5
13549,0.5
14271,0.5
3380,0.5
5068,0.5
4058,0.5
4033,0.5
4925,0.5
4034,0.5
4059,0.5
4060,0.5
3596,0.5
4061,0.5
5178,0.5
4035,0.5
3597,0.5
2776,0.5
4063,0.5
3799,0.5
2777,0.5
2778,0.5
3381,0.5
2779,0.5
4826,0.5
2962,0.5
4036,0.5
3382,0.5
2780,0.5
3800,0.5
4037,0.5
4929,0.5
2781,0.5
3801,0.5
2963,0.5
5180,0.5
5181,0.5
4065,0.5
2782,0.5
4038,0.5
4039,0.5
25795,0.5
5182,0.5
4040,0.5
4041,0.5
2783,0.5
5114,0.5
4474,0.5
5069,0.5
5183,0.5
3802,0.5
4226,0.5
5071,0.5
4042,0.5
4227,0.5
4228,0.5
4829,0.5
4066,0.5
3385,0.5
4067,0.5
5073,0.5
3386,0.5
5185,0.5
3803,0.5
3387,0.5
5074,0.5
3388,0.5
4044,0.5
3389,0.5
4230,0.5
2964,0.5
3390,0.5
4477,0.5
4908,0.5
4045,0.5
4068,0.5
5117,0.5
3804,0.5
5078,0.5
5079,0.5
5080,0.5
3805,0.5
3391,0.5
4047,0.5
3806,0.5
2965,0.5
3807,0.5
5081,0.5
3392,0.5
4048,0.5
4069,0.5
2966,0.5
5082,0.5
2784,0.5
3808,0.5
4232,0.5
4049,0.5
5334,0.5
2968,0.5
4070,0.5
3809,0.5
4233,0.5
5083,0.5
2969,0.5
4071,0.5
2970,0.5
3046,0.5
3393,0.5
4072,0.5
3810,0.5
2785,0.5
2786,0.5
3048,0.5
3049,0.5
2787,0.5
4073,0.5
4660,0.5
5190,0.5
4234,0.5
3050,0.5
4074,0.5
5125,0.5
5357,0.5
3051,0.5
3395,0.5
4050,0.5
4661,0.5
3522,0.5
2788,0.5
4662,0.5
5372,0.5
4051,0.5
4203,0.5
3524,0.5
5193,0.5
2789,0.5
4075,0.5
5194,0.5
4205,0.5
4206,0.5
4595,0.5
3811,0.5
3812,0.5
5084,0.5
5135,0.5
3053,0.5
3813,0.5
3814,0.5
3054,0.5
5126,0.5
5578,0.5
4665,0.5
4666,0.5
5941,0.5
4944,0.5
4596,0.5
6056,0.5
3541,0.5
4945,0.5
4667,0.5
5659,0.5
4668,0.5
3525,0.5
3542,0.5
3526,0.5
5753,0.5
4669,0.5
3527,0.5
5925,0.5
5754,0.5
5906,0.5
5907,0.5
3528,0.5
3529,0.5
3543,0.5
5661,0.5
3544,0.5
4739,0.5
4670,0.5
5581,0.5
4947,0.5
3530,0.5
4671,0.5
4672,0.5
4673,0.5
3531,0.5
3545,0.5
5756,0.5
4674,0.5
4598,0.5
5757,0.5
5926,0.5
6064,0.5
5927,0.5
4599,0.5
5758,0.5
4840,0.5
5913,0.5
4675,0.5
5664,0.5
3532,0.5
4948,0.5
4676,0.5
5582,0.5
3546,0.5
5914,0.5
3547,0.5
3649,0.5
4841,0.5
5742,0.5
5583,0.5
4677,0.5
3650,0.5
6043,0.5
3533,0.5
3651,0.5
4842,0.5
4950,0.5
4678,0.5
3652,0.5
5761,0.5
4679,0.5
4600,0.5
4952,0.5
3653,0.5
4601,0.5
4602,0.5
5931,0.5
6045,0.5
3654,0.5
4603,0.5
4748,0.5
5932,0.5
4604,0.5
3534,0.5
4844,0.5
5743,0.5
5763,0.5
5586,0.5
4680,0.5
6221,0.5
5979,0.5
4933,0.5
4934,0.5
3535,0.5
5744,0.5
3655,0.5
5746,0.5
5747,0.5
4954,0.5
5765,0.5
4605,0.5
3536,0.5
4749,0.5
5748,0.5
4936,0.5
4750,0.5
5867,0.5
3656,0.5
4831,0.5
4846,0.5
3537,0.5
5868,0.5
4937,0.5
5938,0.5
6103,0.5
4847,0.5
4751,0.5
4956,0.5
3657,0.5
4752,0.5
4848,0.5
4849,0.5
4958,0.5
6104,0.5
5983,0.5
3658,0.5
3538,0.5
4939,0.5
3659,0.5
4832,0.5
3539,0.5
4940,0.5
5751,0.5
4833,0.5
5590,0.5
4834,0.5
4753,0.5
4835,0.5
6108,0.5
4836,0.5
4837,0.5
3540,0.5
4941,0.5
4942,0.5
4838,0.5
6111,0.5
4839,0.5
4754,0.5
7428,0.5
11128,0.5
8736,0.5
10303,0.5
9603,0.5
8750,0.5
8751,0.5
10305,0.5
7429,0.5
7410,0.5
7411,0.5
7412,0.5
10289,0.5
7556,0.5
9604,0.5
10693,0.5
7413,0.5
9605,0.5
7557,0.5
8492,0.5
9464,0.5
8738,0.5
8493,0.5
8580,0.5
8513,0.5
8514,0.5
10677,0.5
8754,0.5
8739,0.5
9606,0.5
7558,0.5
8581,0.5
11133,0.5
8740,0.5
8566,0.5
7559,0.5
8495,0.5
7414,0.5
8567,0.5
8496,0.5
7415,0.5
9468,0.5
8742,0.5
8799,0.5
8755,0.5
8583,0.5
8497,0.5
8498,0.5
8568,0.5
8584,0.5
7560,0.5
8585,0.5
8569,0.5
8587,0.5
7416,0.5
8570,0.5
9608,0.5
8499,0.5
8801,0.5
8744,0.5
9610,0.5
9595,0.5
7417,0.5
8500,0.5
9611,0.5
10280,0.5
8588,0.5
8758,0.5
9612,0.5
8571,0.5
8572,0.5
10698,0.5
10699,0.5
8590,0.5
7575,0.5
7418,0.5
7576,0.5
7419,0.5
7561,0.5
10410,0.5
7562,0.5
8691,0.5
8503,0.5
8504,0.5
8505,0.5
8761,0.5
7563,0.5
8506,0.5
8507,0.5
8762,0.5
8508,0.5
7420,0.5
7421,0.5
10317,0.5
9600,0.5
8509,0.5
7422,0.5
7423,0.5
8694,0.5
8510,0.5
9616,0.5
10417,0.5
9617,0.5
7424,0.5
10283,0.5
8745,0.5
8792,0.5
9601,0.5
10688,0.5
7425,0.5
8746,0.5
9618,0.5
7564,0.5
7565,0.5
8574,0.5
9602,0.5
8696,0.5
7566,0.5
10420,0.5
10756,0.5
10286,0.5
7567,0.5
7568,0.5
7569,0.5
10320,0.5
11148,0.5
10321,0.5
8749,0.5
11149,0.5
9823,0.5
8575,0.5
11150,0.5
8697,0.5
7426,0.5
7427,0.5
8511,0.5
8699,0.5
9842,0.5
10758,0.5
7570,0.5
10302,0.5
8808,0.5
10690,0.5
8700,0.5
8794,0.5
8795,0.5
12948,0.5
13786,0.5
14741,0.5
13787,0.5
13996,0.5
13788,0.5
14742,0.5
16063,0.5
14743,0.5
14744,0.5
14745,0.5
13789,0.5
14746,0.5
14898,0.5
14747,0.5
12949,0.5
13906,0.5
13997,0.5
15582,0.5
15439,0.5
13998,0.5
13790,0.5
12950,0.5
13791,0.5
13792,0.5
13793,0.5
14749,0.5
14750,0.5
13908,0.5
12951,0.5
14873,0.5
14096,0.5
14097,0.5
14901,0.5
13794,0.5
14751,0.5
14874,0.5
14903,0.5
14904,0.5
14752,0.5
15585,0.5
14098,0.5
13128,0.5
13129,0.5
14753,0.5
16067,0.5
15440,0.5
14726,0.5
13795,0.5
13909,0.5
14000,0.5
14877,0.5
13130,0.5
13131,0.5
14907,0.5
13796,0.5
14756,0.5
14100,0.5
14727,0.5
14728,0.5
14879,0.5
13132,0.5
13133,0.5
15865,0.5
14729,0.5
14730,0.5
14757,0.5
15011,0.5
14101,0.5
14859,0.5
15444,0.5
13910,0.5
14731,0.5
15867,0.5
15868,0.5
14001,0.5
14880,0.5
13911,0.5
13797,0.5
13134,0.5
14102,0.5
14003,0.5
14884,0.5
14103,0.5
13798,0.5
14104,0.5
14864,0.5
13799,0.5
13912,0.5
14004,0.5
14005,0.5
13913,0.5
16228,0.5
14866,0.5
14883,0.5
14105,0.5
14206,0.5
13135,0.5
13800,0.5
14207,0.5
15870,0.5
15085,0.5
14869,0.5
15446,0.5
13801,0.5
14885,0.5
14231,0.5
14870,0.5
16231,0.5
16074,0.5
14208,0.5
13802,0.5
15016,0.5
13136,0.5
15017,0.5
14232,0.5
13803,0.5
13916,0.5
14887,0.5
14888,0.5
13137,0.5
13804,0.5
13917,0.5
15089,0.5
15873,0.5
13138,0.5
15874,0.5
13918,0.5
13919,0.5
13920,0.5
16077,0.5
15875,0.5
15876,0.5
14210,0.5
14890,0.5
14235,0.5
14891,0.5
14236,0.5
13921,0.5
13139,0.5
13140,0.5
15091,0.5
13922,0.5
13141,0.5
13805,0.5
8852,0.5
8472,0.5
7110,0.5
7111,0.5
9129,0.5
7788,0.5
7112,0.5
8853,0.5
6092,0.5
7789,0.5
6566,0.5
7113,0.5
6721,0.5
6567,0.5
6568,0.5
6569,0.5
8476,0.5
7289,0.5
6570,0.5
7114,0.5
7291,0.5
7790,0.5
8477,0.5
9687,0.5
6926,0.5
6571,0.5
9130,0.5
8857,0.5
6686,0.5
8718,0.5
6245,0.5
8858,0.5
7792,0.5
9411,0.5
7937,0.5
8478,0.5
8979,0.5
9690,0.5
6927,0.5
6928,0.5
7958,0.5
7999,0.5
9022,0.5
9500,0.5
9132,0.5
7294,0.5
6572,0.5
9133,0.5
7295,0.5
6246,0.5
7938,0.5
6247,0.5
6248,0.5
8980,0.5
6573,0.5
7939,0.5
7940,0.5
6674,0.5
7793,0.5
6675,0.5
6929,0.5
7115,0.5
9415,0.5
7116,0.5
6249,0.5
7117,0.5
8460,0.5
7118,0.5
8482,0.5
7119,0.5
7297,0.5
8726,0.5
7120,0.5
7121,0.5
7796,0.5
7797,0.5
7298,0.5
6676,0.5
8461,0.5
7300,0.5
7301,0.5
6930,0.5
8484,0.5
8485,0.5
9695,0.5
9137,0.5
6931,0.5
6677,0.5
6678,0.5
7122,0.5
9138,0.5
6250,0.5
8486,0.5
6251,0.5
6933,0.5
8862,0.5
7944,0.5
9514,0.5
7798,0.5
6934,0.5
6935,0.5
7946,0.5
7123,0.5
7124,0.5
7799,0.5
6680,0.5
6936,0.5
6252,0.5
7406,0.5
6253,0.5
6681,0.5
7125,0.5
7126,0.5
7407,0.5
9139,0.5
7802,0.5
8730,0.5
6254,0.5
9461,0.5
6937,0.5
7803,0.5
7804,0.5
6938,0.5
7805,0.5
7127,0.5
7949,0.5
7128,0.5
9141,0.5
6255,0.5
8489,0.5
7950,0.5
6939,0.5
7129,0.5
6940,0.5
8591,0.5
9143,0.5
7951,0.5
7952,0.5
6941,0.5
8490,0.5
8164,0.5
7205,0.5
7206,0.5
7807,0.5
6682,0.5
6683,0.5
8491,0.5
8331,0.5
5403,0.5
5404,0.5
5820,0.5
5405,0.5
7778,0.5
6598,0.5
8218,0.5
7779,0.5
7780,0.5
5626,0.5
6207,0.5
7606,0.5
6360,0.5
8332,0.5
5822,0.5
5406,0.5
7781,0.5
5823,0.5
8220,0.5
5407,0.5
8333,0.5
5408,0.5
5409,0.5
7393,0.5
7733,0.5
5410,0.5
8334,0.5
6209,0.5
5826,0.5
8335,0.5
6210,0.5
6211,0.5
8336,0.5
8104,0.5
5411,0.5
6212,0.5
7911,0.5
5828,0.5
7912,0.5
8683,0.5
8338,0.5
8221,0.5
7395,0.5
7396,0.5
6724,0.5
5829,0.5
6213,0.5
7397,0.5
5412,0.5
8223,0.5
5831,0.5
6749,0.5
6901,0.5
6725,0.5
8516,0.5
6363,0.5
8518,0.5
26222,0.5
6726,0.5
8519,0.5
6214,0.5
6903,0.5
5413,0.5
8224,0.5
8225,0.5
26223,0.5
7398,0.5
6738,0.5
7399,0.5
7400,0.5
6727,0.5
6364,0.5
5414,0.5
7401,0.5
8341,0.5
6215,0.5
6365,0.5
6216,0.5
6906,0.5
8107,0.5
6355,0.5
8227,0.5
26224,0.5
26225,0.5
7914,0.5
8524,0.5
7403,0.5
26226,0.5
7915,0.5
7916,0.5
7917,0.5
7404,0.5
5616,0.5
6907,0.5
5617,0.5
8525,0.5
8228,0.5
8229,0.5
7581,0.5
26228,0.5
6730,0.5
6217,0.5
5834,0.5
7918,0.5
5618,0.5
26229,0.5
6731,0.5
5836,0.5
6218,0.5
26230,0.5
7919,0.5
6367,0.5
6368,0.5
5619,0.5
6219,0.5
7920,0.5
5620,0.5
7584,0.5
8527,0.5
5837,0.5
5621,0.5
6909,0.5
8898,0.5
7585,0.5
6732,0.5
7586,0.5
6733,0.5
7921,0.5
6734,0.5
7604,0.5
8529,0.5
7922,0.5
26234,0.5
5839,0.5
8231,0.5
7923,0.5
7924,0.5
8530,0.5
5622,0.5
12590,0.5
12414,0.5
9442,0.5
10775,0.5
11681,0.5
10792,0.5
11518,0.5
12593,0.5
10793,0.5
9590,0.5
10776,0.5
9591,0.5
9443,0.5
11697,0.5
10519,0.5
9444,0.5
10662,0.5
12443,0.5
10777,0.5
10795,0.5
10796,0.5
10663,0.5
9592,0.5
10664,0.5
11683,0.5
12444,0.5
11698,0.5
10336,0.5
9570,0.5
9593,0.5
10520,0.5
9571,0.5
9572,0.5
10521,0.5
9573,0.5
10522,0.5
9574,0.5
10665,0.5
10779,0.5
10523,0.5
10666,0.5
11525,0.5
10799,0.5
10524,0.5
9575,0.5
10667,0.5
11684,0.5
10780,0.5
9594,0.5
10668,0.5
12294,0.5
9576,0.5
12448,0.5
9577,0.5
11243,0.5
12305,0.5
11686,0.5
9578,0.5
10343,0.5
10669,0.5
10670,0.5
10978,0.5
11687,0.5
9798,0.5
10781,0.5
10979,0.5
9579,0.5
10651,0.5
10671,0.5
10980,0.5
9580,0.5
9799,0.5
10653,0.5
10654,0.5
11244,0.5
11245,0.5
10981,0.5
11804,0.5
10782,0.5
10783,0.5
11806,0.5
9581,0.5
9582,0.5
12310,0.5
11807,0.5
11689,0.5
12599,0.5
11808,0.5
10672,0.5
10673,0.5
12311,0.5
9583,0.5
10674,0.5
10725,0.5
11248,0.5
9584,0.5
11810,0.5
10784,0.5
10982,0.5
10983,0.5
10785,0.5
12314,0.5
11690,0.5
10786,0.5
12315,0.5
11691,0.5
9585,0.5
10787,0.5
9800,0.5
11692,0.5
11693,0.5
10655,0.5
10727,0.5
9801,0.5
11401,0.5
9802,0.5
11631,0.5
11632,0.5
10348,0.5
9586,0.5
10728,0.5
10657,0.5
12679,0.5
12602,0.5
9803,0.5
10729,0.5
10986,0.5
9587,0.5
12681,0.5
10987,0.5
9588,0.5
9804,0.5
12682,0.5
11634,0.5
9805,0.5
10788,0.5
10658,0.5
12683,0.5
10659,0.5
9589,0.5
10988,0.5
9806,0.5
11816,0.5
10660,0.5
10730,0.5
11695,0.5
10601,0.5
11696,0.5
10790,0.5
10791,0.5
10602,0.5
10109,0.5
11499,0.5
10017,0.5
10462,0.5
9096,0.5
7706,0.5
9909,0.5
11501,0.5
8926,0.5
10948,0.5
9911,0.5
7855,0.5
7707,0.5
7857,0.5
11579,0.5
10018,0.5
11221,0.5
9097,0.5
10464,0.5
9865,0.5
9913,0.5
8927,0.5
10950,0.5
7835,0.5
10019,0.5
7836,0.5
8412,0.5
9915,0.5
8928,0.5
9155,0.5
7837,0.5
8956,0.5
9098,0.5
9917,0.5
8929,0.5
8957,0.5
11585,0.5
9156,0.5
10020,0.5
10929,0.5
8958,0.5
9866,0.5
9867,0.5
9868,0.5
9157,0.5
9158,0.5
9159,0.5
11225,0.5
8959,0.5
9161,0.5
7838,0.5
7839,0.5
9920,0.5
9162,0.5
8960,0.5
9100,0.5
11081,0.5
8961,0.5
8617,0.5
7840,0.5
10933,0.5
8930,0.5
7841,0.5
8931,0.5
9869,0.5
7842,0.5
8963,0.5
7860,0.5
7861,0.5
8932,0.5
9871,0.5
7843,0.5
10022,0.5
9164,0.5
9923,0.5
10450,0.5
11084,0.5
9165,0.5
9872,0.5
8933,0.5
8965,0.5
10125,0.5
7844,0.5
11591,0.5
8934,0.5
10024,0.5
11086,0.5
8935,0.5
8936,0.5
8966,0.5
9104,0.5
10128,0.5
10469,0.5
8967,0.5
7845,0.5
8625,0.5
10470,0.5
9167,0.5
9144,0.5
9145,0.5
7865,0.5
10472,0.5
10023,0.5
9146,0.5
10473,0.5
10117,0.5
11593,0.5
10025,0.5
9168,0.5
8937,0.5
8938,0.5
10100,0.5
8939,0.5
9147,0.5
10101,0.5
9148,0.5
10026,0.5
7866,0.5
10456,0.5
7846,0.5
9321,0.5
10027,0.5
10102,0.5
7847,0.5
10626,0.5
8940,0.5
10627,0.5
10103,0.5
10104,0.5
9322,0.5
10105,0.5
10939,0.5
9106,0.5
10028,0.5
11090,0.5
10133,0.5
9150,0.5
7848,0.5
10134,0.5
10459,0.5
10107,0.5
9107,0.5
7849,0.5
10122,0.5
9324,0.5
9325,0.5
10460,0.5
10108,0.5
9326,0.5
8941,0.5
9151,0.5
9152,0.5
10029,0.5
9327,0.5
7850,0.5
10475,0.5
7851,0.5
10030,0.5
7870,0.5
7852,0.5
8942,0.5
7853,0.5
9094,0.5
9095,0.5
1379,0.5
1341,0.5
726,0.5
272,0.5
89,0.5
1380,0.5
1116,0.5
1342,0.5
273,0.5
727,0.5
274,0.5
728,0.5
1117,0.5
879,0.5
880,0.5
1343,0.5
1118,0.5
881,0.5
4437,0.5
1119,0.5
1995,0.5
1458,0.5
1344,0.5
351,0.5
1120,0.5
2009,0.5
1345,0.5
1121,0.5
1346,0.5
1381,0.5
352,0.5
90,0.5
1347,0.5
353,0.5
91,0.5
1122,0.5
882,0.5
92,0.5
1382,0.5
1348,0.5
1459,0.5
1460,0.5
1999,0.5
1123,0.5
354,0.5
883,0.5
355,0.5
356,0.5
1383,0.5
1349,0.5
884,0.5
885,0.5
93,0.5
1350,0.5
1351,0.5
1535,0.5
1124,0.5
1536,0.5
1461,0.5
886,0.5
357,0.5
1125,0.5
1462,0.5
1463,0.5
94,0.5
1537,0.5
887,0.5
1126,0.5
888,0.5
1464,0.5
1538,0.5
1352,0.5
358,0.5
2002,0.5
2740,0.5
95,0.5
1127,0.5
2721,0.5
889,0.5
3324,0.5
1128,0.5
1129,0.5
1130,0.5
890,0.5
96,0.5
4447,0.5
2014,0.5
1353,0.5
359,0.5
1354,0.5
3325,0.5
891,0.5
1465,0.5
892,0.5
1355,0.5
1539,0.5
1356,0.5
1309,0.5
97,0.5
360,0.5
1466,0.5
361,0.5
98,0.5
1540,0.5
99,0.5
1310,0.5
893,0.5
894,0.5
1311,0.5
1357,0.5
362,0.5
1312,0.5
363,0.5
895,0.5
364,0.5
4448,0.5
896,0.5
4129,0.5
1467,0.5
2221,0.5
1313,0.5
1358,0.5
1314,0.5
897,0.5
1468,0.5
1469,0.5
2004,0.5
125,0.5
1315,0.5
898,0.5
6270,0.5
6422,0.5
6436,0.5
6698,0.5
9039,0.5
8127,0.5
8128,0.5
6826,0.5
7222,0.5
8431,0.5
6827,0.5
8368,0.5
6437,0.5
7074,0.5
6828,0.5
6829,0.5
6438,0.5
9195,0.5
6423,0.5
8129,0.5
7223,0.5
7075,0.5
6439,0.5
6440,0.5
6424,0.5
7139,0.5
7977,0.5
7153,0.5
6441,0.5
7225,0.5
7154,0.5
7226,0.5
7979,0.5
6442,0.5
8132,0.5
7277,0.5
7305,0.5
8133,0.5
6425,0.5
7306,0.5
8134,0.5
8435,0.5
7076,0.5
6831,0.5
7278,0.5
6426,0.5
7140,0.5
6832,0.5
7228,0.5
8135,0.5
7309,0.5
6443,0.5
7279,0.5
7229,0.5
6444,0.5
7077,0.5
6833,0.5
8437,0.5
8136,0.5
8444,0.5
6427,0.5
6834,0.5
7078,0.5
7256,0.5
6445,0.5
7982,0.5
6835,0.5
6446,0.5
7310,0.5
6836,0.5
7311,0.5
7257,0.5
7141,0.5
7142,0.5
7312,0.5
9204,0.5
7313,0.5
6447,0.5
7281,0.5
7143,0.5
6837,0.5
7432,0.5
8137,0.5
8541,0.5
7314,0.5
8375,0.5
7315,0.5
8376,0.5
8138,0.5
8450,0.5
8833,0.5
6838,0.5
8377,0.5
7984,0.5
7259,0.5
6428,0.5
6429,0.5
6430,0.5
7282,0.5
8834,0.5
7435,0.5
6431,0.5
7436,0.5
8545,0.5
8380,0.5
8546,0.5
7283,0.5
6524,0.5
7260,0.5
8381,0.5
6432,0.5
7318,0.5
7284,0.5
8382,0.5
8290,0.5
8383,0.5
6525,0.5
7319,0.5
8384,0.5
7261,0.5
7439,0.5
6433,0.5
8425,0.5
8139,0.5
6840,0.5
8291,0.5
8292,0.5
7145,0.5
7440,0.5
7263,0.5
7285,0.5
6841,0.5
9376,0.5
7265,0.5
6526,0.5
6842,0.5
6527,0.5
8553,0.5
7320,0.5
6528,0.5
7267,0.5
7147,0.5
6843,0.5
7443,0.5
7286,0.5
7268,0.5
6434,0.5
7321,0.5
7269,0.5
7148,0.5
6529,0.5
6530,0.5
6844,0.5
6845,0.5
8295,0.5
6531,0.5
6435,0.5
7270,0.5
6846,0.5
7287,0.5
6532,0.5
7324,0.5
11818,0.5
11011,0.5
12711,0.5
10990,0.5
10920,0.5
12893,0.5
10991,0.5
11310,0.5
10992,0.5
12473,0.5
10731,0.5
11676,0.5
11391,0.5
9807,0.5
11312,0.5
10921,0.5
11752,0.5
11313,0.5
9808,0.5
10032,0.5
9809,0.5
10922,0.5
10733,0.5
11317,0.5
10923,0.5
11015,0.5
8633,0.5
10033,0.5
10034,0.5
8634,0.5
8635,0.5
10035,0.5
8636,0.5
10734,0.5
10036,0.5
10924,0.5
10735,0.5
10139,0.5
10925,0.5
11119,0.5
10996,0.5
11016,0.5
11396,0.5
11397,0.5
9810,0.5
10737,0.5
11017,0.5
10037,0.5
11756,0.5
8637,0.5
11398,0.5
8638,0.5
11018,0.5
11757,0.5
10739,0.5
9811,0.5
11052,0.5
11019,0.5
12897,0.5
12898,0.5
11053,0.5
9812,0.5
11760,0.5
11055,0.5
10038,0.5
10740,0.5
11056,0.5
11820,0.5
11321,0.5
10039,0.5
10741,0.5
9813,0.5
9814,0.5
8639,0.5
11822,0.5
11702,0.5
11020,0.5
8640,0.5
11823,0.5
8868,0.5
11824,0.5
11057,0.5
10041,0.5
9815,0.5
11761,0.5
11021,0.5
9816,0.5
11058,0.5
9817,0.5
11022,0.5
11023,0.5
9818,0.5
11024,0.5
11025,0.5
12660,0.5
11059,0.5
10043,0.5
10142,0.5
9819,0.5
9820,0.5
11825,0.5
11762,0.5
10743,0.5
8869,0.5
9821,0.5
10045,0.5
10143,0.5
8870,0.5
11707,0.5
9822,0.5
8871,0.5
8872,0.5
12662,0.5
11324,0.5
10047,0.5
11325,0.5
9974,0.5
10144,0.5
11062,0.5
10744,0.5
12002,0.5
11177,0.5
9975,0.5
9976,0.5
13087,0.5
9977,0.5
11063,0.5
10048,0.5
12004,0.5
10745,0.5
11064,0.5
8873,0.5
11764,0.5
10175,0.5
11765,0.5
11178,0.5
10176,0.5
11179,0.5
8874,0.5
10746,0.5
8875,0.5
12854,0.5
11180,0.5
11181,0.5
9978,0.5
10177,0.5
8876,0.5
11066,0.5
11067,0.5
9979,0.5
11068,0.5
11713,0.5
12051,0.5
13167,0.5
12743,0.5
11567,0.5
11254,0.5
11568,0.5
12576,0.5
11795,0.5
12227,0.5
12228,0.5
12632,0.5
11569,0.5
11796,0.5
12229,0.5
12102,0.5
13389,0.5
11570,0.5
12103,0.5
11617,0.5
12633,0.5
11571,0.5
12104,0.5
11618,0.5
11797,0.5
12106,0.5
11619,0.5
11572,0.5
10810,0.5
11620,0.5
12107,0.5
12635,0.5
11573,0.5
11798,0.5
10811,0.5
12231,0.5
12232,0.5
12233,0.5
12750,0.5
10812,0.5
11799,0.5
13846,0.5
12636,0.5
11256,0.5
12637,0.5
11800,0.5
13174,0.5
12234,0.5
13175,0.5
12108,0.5
11574,0.5
12952,0.5
10813,0.5
10814,0.5
13636,0.5
13391,0.5
10815,0.5
10816,0.5
11621,0.5
12639,0.5
12235,0.5
10817,0.5
11801,0.5
11575,0.5
11927,0.5
10818,0.5
11928,0.5
12112,0.5
12236,0.5
11929,0.5
11576,0.5
12237,0.5
13638,0.5
12238,0.5
11930,0.5
13639,0.5
12642,0.5
12239,0.5
12240,0.5
12241,0.5
11931,0.5
11932,0.5
12113,0.5
12114,0.5
13353,0.5
11622,0.5
12643,0.5
12956,0.5
13642,0.5
10819,0.5
11623,0.5
12760,0.5
12242,0.5
10820,0.5
11933,0.5
12115,0.5
10821,0.5
11728,0.5
10822,0.5
11729,0.5
11934,0.5
13356,0.5
11730,0.5
11935,0.5
12243,0.5
11258,0.5
11625,0.5
11936,0.5
12244,0.5
11626,0.5
11731,0.5
10823,0.5
12119,0.5
10824,0.5
12245,0.5
11937,0.5
11101,0.5
12246,0.5
12247,0.5
11259,0.5
12122,0.5
12123,0.5
11260,0.5
12124,0.5
11732,0.5
11827,0.5
11733,0.5
11828,0.5
13647,0.5
11261,0.5
11938,0.5
12649,0.5
11829,0.5
11262,0.5
11939,0.5
3149,0.5
4387,0.5
1826,0.5
2418,0.5
3150,0.5
4086,0.5
3151,0.5
3152,0.5
3153,0.5
6523,0.5
4285,0.5
4388,0.5
3846,0.5
3154,0.5
4389,0.5
4286,0.5
3847,0.5
4390,0.5
3155,0.5
4087,0.5
4088,0.5
4089,0.5
4090,0.5
3156,0.5
4287,0.5
2419,0.5
4091,0.5
4288,0.5
1827,0.5
3848,0.5
2420,0.5
4391,0.5
4092,0.5
3157,0.5
4392,0.5
4393,0.5
1828,0.5
4629,0.5
1829,0.5
4394,0.5
4093,0.5
6988,0.5
2421,0.5
1830,0.5
3158,0.5
3849,0.5
4395,0.5
7358,0.5
1831,0.5
4396,0.5
4962,0.5
2422,0.5
4397,0.5
3951,0.5
7360,0.5
3159,0.5
2423,0.5
3952,0.5
3953,0.5
3160,0.5
3954,0.5
1832,0.5
4094,0.5
4289,0.5
4095,0.5
7363,0.5
4096,0.5
7336,0.5
7364,0.5
4097,0.5
4098,0.5
4099,0.5
3161,0.5
3162,0.5
1833,0.5
4100,0.5
6995,0.5
7339,0.5
3163,0.5
4733,0.5
4398,0.5
4399,0.5
2424,0.5
1834,0.5
4400,0.5
4101,0.5
4290,0.5
3955,0.5
4102,0.5
4401,0.5
3164,0.5
4402,0.5
4291,0.5
7340,0.5
4292,0.5
2425,0.5
4403,0.5
2426,0.5
4293,0.5
4555,0.5
4556,0.5
2427,0.5
4304,0.5
7369,0.5
4968,0.5
3165,0.5
1835,0.5
1836,0.5
3956,0.5
2428,0.5
7373,0.5
3957,0.5
3166,0.5
6657,0.5
2429,0.5
6658,0.5
4557,0.5
4305,0.5
4558,0.5
2430,0.5
4559,0.5
4306,0.5
4307,0.5
1837,0.5
4560,0.5
4561,0.5
1990,0.5
4562,0.5
4563,0.5
4564,0.5
6872,0.5
1991,0.5
3167,0.5
7155,0.5
3168,0.5
1992,0.5
4308,0.5
2431,0.5
7872,0.5
8809,0.5
8810,0.5
8046,0.5
9284,0.5
7687,0.5
8811,0.5
9110,0.5
10479,0.5
9225,0.5
7873,0.5
9329,0.5
9523,0.5
8047,0.5
8703,0.5
9286,0.5
8812,0.5
7688,0.5
7689,0.5
9331,0.5
7874,0.5
8048,0.5
10323,0.5
7875,0.5
7876,0.5
8814,0.5
8815,0.5
10497,0.5
7690,0.5
8049,0.5
9112,0.5
9524,0.5
10001,0.5
8050,0.5
10425,0.5
7877,0.5
8705,0.5
11098,0.5
8816,0.5
10636,0.5
8051,0.5
8706,0.5
10577,0.5
7691,0.5
8707,0.5
9230,0.5
8708,0.5
8052,0.5
8053,0.5
7878,0.5
8943,0.5
8709,0.5
8944,0.5
9528,0.5
8054,0.5
8945,0.5
7692,0.5
9333,0.5
9116,0.5
8055,0.5
7693,0.5
8710,0.5
7879,0.5
7880,0.5
10581,0.5
9334,0.5
9233,0.5
8056,0.5
10003,0.5
8712,0.5
11343,0.5
8713,0.5
8714,0.5
7694,0.5
9117,0.5
11326,0.5
9336,0.5
9337,0.5
7695,0.5
9533,0.5
8947,0.5
10641,0.5
9270,0.5
8715,0.5
7881,0.5
9535,0.5
7696,0.5
9338,0.5
7882,0.5
7883,0.5
7697,0.5
8918,0.5
7884,0.5
9538,0.5
10005,0.5
7698,0.5
8948,0.5
8057,0.5
9237,0.5
9271,0.5
9238,0.5
8037,0.5
9339,0.5
10646,0.5
9340,0.5
9341,0.5
8920,0.5
8058,0.5
8921,0.5
9548,0.5
10895,0.5
8949,0.5
8038,0.5
8039,0.5
8922,0.5
7699,0.5
7700,0.5
9272,0.5
8059,0.5
8950,0.5
7701,0.5
9242,0.5
10648,0.5
8040,0.5
9550,0.5
10437,0.5
8041,0.5
9541,0.5
7702,0.5
10503,0.5
8042,0.5
7703,0.5
9421,0.5
8953,0.5
9542,0.5
8043,0.5
9275,0.5
7704,0.5
10878,0.5
8060,0.5
8061,0.5
8044,0.5
9343,0.5
10592,0.5
9544,0.5
9697,0.5
8189,0.5
8954,0.5
10494,0.5
7705,0.5
8924,0.5
9280,0.5
9521,0.5
8190,0.5
9281,0.5
8925,0.5
9282,0.5
9555,0.5
8045,0.5
9698,0.5
8955,0.5
9424,0.5
3421,0.5
1147,0.5
2526,0.5
2072,0.5
1709,0.5
1092,0.5
3422,0.5
3423,0.5
1093,0.5
1094,0.5
2685,0.5
2073,0.5
1710,0.5
1148,0.5
2527,0.5
1711,0.5
1095,0.5
3406,0.5
2792,0.5
3424,0.5
2686,0.5
3562,0.5
1149,0.5
1889,0.5
2687,0.5
3563,0.5
2688,0.5
2074,0.5
3564,0.5
3608,0.5
1096,0.5
1150,0.5
3410,0.5
2793,0.5
1890,0.5
2794,0.5
3566,0.5
2690,0.5
1097,0.5
3411,0.5
2945,0.5
1891,0.5
1152,0.5
4023,0.5
1153,0.5
1098,0.5
3412,0.5
3612,0.5
1154,0.5
1155,0.5
1892,0.5
2530,0.5
2691,0.5
1893,0.5
2076,0.5
2077,0.5
1894,0.5
2078,0.5
2946,0.5
1410,0.5
1411,0.5
1412,0.5
2692,0.5
3427,0.5
1099,0.5
1413,0.5
2820,0.5
2079,0.5
2080,0.5
1414,0.5
1415,0.5
1416,0.5
3568,0.5
2081,0.5
2821,0.5
3614,0.5
1417,0.5
1100,0.5
2531,0.5
1895,0.5
1418,0.5
2082,0.5
1101,0.5
2083,0.5
2948,0.5
1896,0.5
3615,0.5
2949,0.5
2823,0.5
1897,0.5
3429,0.5
2084,0.5
2951,0.5
2533,0.5
3570,0.5
2085,0.5
3645,0.5
1419,0.5
1102,0.5
1898,0.5
1899,0.5
2953,0.5
2534,0.5
3414,0.5
2535,0.5
1900,0.5
1901,0.5
1103,0.5
2536,0.5
1104,0.5
2086,0.5
1420,0.5
2954,0.5
1421,0.5
1422,0.5
2955,0.5
2956,0.5
1105,0.5
2957,0.5
2537,0.5
2826,0.5
3726,0.5
1902,0.5
3415,0.5
2538,0.5
1423,0.5
3432,0.5
3727,0.5
1903,0.5
2087,0.5
2827,0.5
2088,0.5
3769,0.5
4344,0.5
2891,0.5
2582,0.5
3358,0.5
3771,0.5
3772,0.5
2583,0.5
3192,0.5
3359,0.5
2394,0.5
2395,0.5
2893,0.5
2396,0.5
2414,0.5
2397,0.5
2415,0.5
2416,0.5
2584,0.5
3520,0.5
3521,0.5
4346,0.5
3749,0.5
4347,0.5
4793,0.5
2568,0.5
3901,0.5
3363,0.5
4517,0.5
3172,0.5
4518,0.5
3919,0.5
3750,0.5
4647,0.5
3751,0.5
3902,0.5
3193,0.5
2569,0.5
3173,0.5
3364,0.5
3365,0.5
3194,0.5
2570,0.5
3367,0.5
2571,0.5
2572,0.5
3195,0.5
4521,0.5
4522,0.5
3368,0.5
2586,0.5
2398,0.5
4728,0.5
3174,0.5
2399,0.5
2573,0.5
4525,0.5
3905,0.5
2574,0.5
3175,0.5
3370,0.5
3176,0.5
2400,0.5
3346,0.5
4800,0.5
2575,0.5
3921,0.5
4801,0.5
2576,0.5
3573,0.5
2401,0.5
3575,0.5
2402,0.5
3347,0.5
3348,0.5
3179,0.5
4730,0.5
2589,0.5
2577,0.5
2403,0.5
3757,0.5
4649,0.5
2590,0.5
2591,0.5
4352,0.5
4353,0.5
2404,0.5
3349,0.5
3350,0.5
3758,0.5
2592,0.5
3923,0.5
3351,0.5
3759,0.5
3907,0.5
3580,0.5
4651,0.5
2578,0.5
2405,0.5
3183,0.5
3925,0.5
2406,0.5
3583,0.5
2407,0.5
3760,0.5
3761,0.5
3184,0.5
4027,0.5
3185,0.5
3909,0.5
2769,0.5
2770,0.5
3762,0.5
3353,0.5
4507,0.5
3585,0.5
3912,0.5
2579,0.5
3586,0.5
2408,0.5
2409,0.5
3187,0.5
3188,0.5
3355,0.5
4771,0.5
2410,0.5
4785,0.5
2772,0.5
3763,0.5
3913,0.5
2773,0.5
4772,0.5
4508,0.5
2411,0.5
3589,0.5
3190,0.5
4787,0.5
3591,0.5
3592,0.5
2412,0.5
2580,0.5
2775,0.5
3915,0.5
4030,0.5
2581,0.5
4857,0.5
3191,0.5
4510,0.5
3916,0.5
4512,0.5
3767,0.5
2413,0.5
4031,0.5
4813,0.5
4824,0.5
4032,0.5
3594,0.5
3595,0.5
20993,0.5
20534,0.5
21277,0.5
20826,0.5
20827,0.5
20994,0.5
20512,0.5
20333,0.5
19270,0.5
19271,0.5
19594,0.5
20828,0.5
19079,0.5
19080,0.5
20830,0.5
20501,0.5
20334,0.5
19081,0.5
20832,0.5
20335,0.5
19082,0.5
20876,0.5
19272,0.5
21697,0.5
20833,0.5
20336,0.5
20996,0.5
22103,0.5
20337,0.5
20997,0.5
19721,0.5
20338,0.5
19083,0.5
22068,0.5
19273,0.5
21280,0.5
19722,0.5
19274,0.5
20535,0.5
21149,0.5
19723,0.5
19724,0.5
19725,0.5
19726,0.5
20514,0.5
20834,0.5
20880,0.5
19727,0.5
20835,0.5
19275,0.5
20515,0.5
19728,0.5
19084,0.5
19276,0.5
21150,0.5
21098,0.5
20838,0.5
19277,0.5
20839,0.5
20340,0.5
20536,0.5
20840,0.5
19729,0.5
19730,0.5
19731,0.5
19732,0.5
20537,0.5
19278,0.5
20841,0.5
20517,0.5
21152,0.5
19279,0.5
20504,0.5
20538,0.5
20539,0.5
21153,0.5
19733,0.5
20341,0.5
20342,0.5
21249,0.5
19280,0.5
19085,0.5
20540,0.5
20505,0.5
20842,0.5
20518,0.5
19281,0.5
20541,0.5
19282,0.5
20506,0.5
20843,0.5
19283,0.5
19734,0.5
19284,0.5
21285,0.5
19440,0.5
20543,0.5
20344,0.5
20544,0.5
20519,0.5
20345,0.5
19086,0.5
20888,0.5
19285,0.5
20346,0.5
20844,0.5
20347,0.5
20520,0.5
19735,0.5
20524,0.5
19286,0.5
20845,0.5
19736,0.5
20521,0.5
21288,0.5
21289,0.5
20545,0.5
21156,0.5
20508,0.5
19287,0.5
20846,0.5
21255,0.5
20522,0.5
20847,0.5
22236,0.5
21256,0.5
20698,0.5
21258,0.5
20509,0.5
19288,0.5
20546,0.5
19087,0.5
21159,0.5
20974,0.5
20526,0.5
19088,0.5
20547,0.5
19089,0.5
19737,0.5
20527,0.5
19738,0.5
20975,0.5
20528,0.5
20529,0.5
20699,0.5
21161,0.5
19443,0.5
19090,0.5
20530,0.5
20977,0.5
19444,0.5
20978,0.5
19289,0.5
19091,0.5
22118,0.5
19290,0.5
21493,0.5
20979,0.5
20980,0.5
19739,0.5
19092,0.5
19570,0.5
20674,0.5
20894,0.5
20511,0.5
20701,0.5
19571,0.5
20982,0.5
20895,0.5
20983,0.5
19740,0.5
16989,0.5
14272,0.5
15350,0.5
15020,0.5
15351,0.5
15021,0.5
13923,0.5
15461,0.5
15022,0.5
15462,0.5
15463,0.5
15464,0.5
16081,0.5
15989,0.5
16869,0.5
16932,0.5
15092,0.5
15023,0.5
14273,0.5
13924,0.5
15796,0.5
15466,0.5
14274,0.5
15467,0.5
16448,0.5
15093,0.5
14275,0.5
13925,0.5
16449,0.5
15468,0.5
17192,0.5
15469,0.5
15095,0.5
13926,0.5
13927,0.5
15991,0.5
15992,0.5
15096,0.5
15097,0.5
14276,0.5
15026,0.5
14277,0.5
13928,0.5
15098,0.5
15099,0.5
15471,0.5
17277,0.5
13929,0.5
15100,0.5
17195,0.5
15101,0.5
16083,0.5
16875,0.5
17278,0.5
13930,0.5
14031,0.5
16876,0.5
15028,0.5
17553,0.5
14278,0.5
15029,0.5
17196,0.5
17280,0.5
15800,0.5
14279,0.5
16878,0.5
16084,0.5
17281,0.5
14032,0.5
15030,0.5
15801,0.5
14033,0.5
15031,0.5
15032,0.5
17557,0.5
15473,0.5
16881,0.5
16558,0.5
15802,0.5
16454,0.5
15102,0.5
14280,0.5
15103,0.5
14034,0.5
16993,0.5
16087,0.5
17059,0.5
16456,0.5
14035,0.5
15587,0.5
14482,0.5
15104,0.5
15105,0.5
15803,0.5
16884,0.5
15106,0.5
16457,0.5
15588,0.5
16001,0.5
17202,0.5
15107,0.5
17649,0.5
15804,0.5
14036,0.5
17203,0.5
17286,0.5
14037,0.5
14038,0.5
14039,0.5
16458,0.5
15108,0.5
15033,0.5
14483,0.5
14040,0.5
17339,0.5
15161,0.5
15476,0.5
15109,0.5
14041,0.5
15311,0.5
17563,0.5
14484,0.5
15806,0.5
14042,0.5
15163,0.5
15590,0.5
14043,0.5
17038,0.5
16460,0.5
14044,0.5
17002,0.5
15164,0.5
14045,0.5
15477,0.5
17039,0.5
15165,0.5
14046,0.5
15166,0.5
17656,0.5
16813,0.5
15809,0.5
14485,0.5
15478,0.5
17041,0.5
15593,0.5
15594,0.5
15811,0.5
14486,0.5
15312,0.5
14047,0.5
14487,0.5
15169,0.5
15170,0.5
14048,0.5
15480,0.5
15313,0.5
17068,0.5
14488,0.5
17007,0.5
14489,0.5
15481,0.5
15482,0.5
14049,0.5
16294,0.5
16815,0.5
15314,0.5
16816,0.5
16817,0.5
15595,0.5
17009,0.5
14490,0.5
16819,0.5
13760,0.5
15484,0.5
16197,0.5
13956,0.5
13311,0.5
12788,0.5
16646,0.5
12789,0.5
14491,0.5
13957,0.5
13312,0.5
15485,0.5
15394,0.5
13761,0.5
13762,0.5
16199,0.5
15977,0.5
14414,0.5
13958,0.5
15395,0.5
13763,0.5
15597,0.5
14493,0.5
13959,0.5
15617,0.5
12790,0.5
13960,0.5
14494,0.5
13961,0.5
13962,0.5
12791,0.5
14416,0.5
14950,0.5
14417,0.5
12792,0.5
15663,0.5
13313,0.5
15664,0.5
12793,0.5
13963,0.5
15398,0.5
13314,0.5
13964,0.5
15602,0.5
16202,0.5
13764,0.5
13965,0.5
15980,0.5
14418,0.5
13315,0.5
16409,0.5
12794,0.5
13765,0.5
13967,0.5
15666,0.5
14419,0.5
12795,0.5
13968,0.5
15604,0.5
14954,0.5
15399,0.5
14499,0.5
14500,0.5
14391,0.5
15982,0.5
13766,0.5
13316,0.5
14956,0.5
13969,0.5
14957,0.5
15620,0.5
14420,0.5
15667,0.5
14958,0.5
12796,0.5
13970,0.5
14501,0.5
14502,0.5
13767,0.5
15404,0.5
13317,0.5
15985,0.5
13768,0.5
15609,0.5
15212,0.5
14421,0.5
16210,0.5
13971,0.5
15214,0.5
14422,0.5
12797,0.5
13769,0.5
13770,0.5
14424,0.5
16019,0.5
13318,0.5
15405,0.5
13771,0.5
13772,0.5
15669,0.5
15216,0.5
13972,0.5
13973,0.5
13319,0.5
16519,0.5
16212,0.5
15406,0.5
14425,0.5
13974,0.5
13320,0.5
12798,0.5
14657,0.5
13773,0.5
13321,0.5
14400,0.5
15408,0.5
15714,0.5
13976,0.5
13322,0.5
14426,0.5
17447,0.5
19673,0.5
19248,0.5
18471,0.5
18427,0.5
18930,0.5
18415,0.5
19828,0.5
20773,0.5
19548,0.5
18931,0.5
17448,0.5
21239,0.5
19829,0.5
21240,0.5
18416,0.5
19249,0.5
17449,0.5
18567,0.5
17450,0.5
19551,0.5
18472,0.5
18428,0.5
18932,0.5
17451,0.5
18429,0.5
19552,0.5
19674,0.5
19830,0.5
17452,0.5
18933,0.5
18473,0.5
20184,0.5
17453,0.5
19553,0.5
17454,0.5
18568,0.5
17455,0.5
19675,0.5
19831,0.5
18934,0.5
17456,0.5
18569,0.5
19832,0.5
17457,0.5
20189,0.5
19555,0.5
18935,0.5
18936,0.5
20855,0.5
18474,0.5
20397,0.5
17458,0.5
18430,0.5
19557,0.5
19676,0.5
17459,0.5
19558,0.5
20593,0.5
19559,0.5
17460,0.5
18431,0.5
20782,0.5
18432,0.5
20191,0.5
17461,0.5
18570,0.5
20314,0.5
18475,0.5
17462,0.5
18571,0.5
18433,0.5
19678,0.5
17463,0.5
19251,0.5
20859,0.5
19561,0.5
18476,0.5
20316,0.5
19562,0.5
18938,0.5
20194,0.5
20317,0.5
17589,0.5
19834,0.5
17590,0.5
18574,0.5
18477,0.5
19252,0.5
19564,0.5
17591,0.5
20196,0.5
17592,0.5
19835,0.5
19679,0.5
18576,0.5
18434,0.5
19680,0.5
19565,0.5
18435,0.5
19254,0.5
19255,0.5
18939,0.5
18436,0.5
20787,0.5
20323,0.5
18437,0.5
18478,0.5
18479,0.5
18941,0.5
19566,0.5
19682,0.5
17593,0.5
18480,0.5
18438,0.5
19836,0.5
20751,0.5
20324,0.5
22827,0.5
17594,0.5
19068,0.5
20790,0.5
20558,0.5
19256,0.5
18481,0.5
18482,0.5
20753,0.5
19838,0.5
19071,0.5
17595,0.5
20560,0.5
18439,0.5
20754,0.5
18440,0.5
18483,0.5
18484,0.5
17596,0.5
17597,0.5
17598,0.5
18485,0.5
18579,0.5
19685,0.5
19841,0.5
20564,0.5
19258,0.5
19568,0.5
21941,0.5
18441,0.5
20795,0.5
19073,0.5
19842,0.5
21942,0.5
19074,0.5
18486,0.5
18592,0.5
19569,0.5
19687,0.5
19696,0.5
19697,0.5
19698,0.5
18487,0.5
18488,0.5
18489,0.5
18593,0.5
18594,0.5
18580,0.5
20796,0.5
18490,0.5
17599,0.5
18595,0.5
19699,0.5
19700,0.5
17600,0.5
20332,0.5
19690,0.5
18596,0.5
18597,0.5
18581,0.5
13142,0.5
13430,0.5
13329,0.5
13143,0.5
13180,0.5
13144,0.5
11976,0.5
14638,0.5
15050,0.5
12142,0.5
12127,0.5
12143,0.5
12144,0.5
14214,0.5
14215,0.5
12128,0.5
13278,0.5
13181,0.5
13431,0.5
14189,0.5
13145,0.5
13279,0.5
12129,0.5
13331,0.5
13280,0.5
12145,0.5
14366,0.5
13281,0.5
13183,0.5
12146,0.5
14191,0.5
13282,0.5
13283,0.5
14192,0.5
13332,0.5
13284,0.5
13285,0.5
13433,0.5
13286,0.5
12130,0.5
13434,0.5
13435,0.5
13146,0.5
13147,0.5
12147,0.5
14218,0.5
14242,0.5
13148,0.5
14219,0.5
13149,0.5
12131,0.5
13185,0.5
12132,0.5
13335,0.5
13336,0.5
13150,0.5
13287,0.5
13151,0.5
13288,0.5
13187,0.5
14642,0.5
14244,0.5
14222,0.5
14245,0.5
13338,0.5
12148,0.5
13189,0.5
12149,0.5
13152,0.5
14196,0.5
13339,0.5
14375,0.5
12150,0.5
12151,0.5
14247,0.5
14248,0.5
13191,0.5
12352,0.5
14249,0.5
14224,0.5
13291,0.5
13192,0.5
14645,0.5
14225,0.5
12133,0.5
12353,0.5
13340,0.5
14580,0.5
13436,0.5
13292,0.5
13437,0.5
12134,0.5
13438,0.5
14198,0.5
13293,0.5
13194,0.5
14199,0.5
14227,0.5
12135,0.5
13303,0.5
13195,0.5
12136,0.5
13342,0.5
14200,0.5
13343,0.5
14770,0.5
13344,0.5
14201,0.5
12137,0.5
13196,0.5
13294,0.5
13197,0.5
12354,0.5
13296,0.5
12355,0.5
14255,0.5
14202,0.5
14203,0.5
12356,0.5
12357,0.5
13345,0.5
15044,0.5
13439,0.5
14205,0.5
13200,0.5
13297,0.5
13440,0.5
12138,0.5
13298,0.5
14357,0.5
14408,0.5
12139,0.5
13299,0.5
13346,0.5
13442,0.5
13201,0.5
12358,0.5
13443,0.5
12359,0.5
13302,0.5
14360,0.5
14361,0.5
13308,0.5
13347,0.5
14363,0.5
12140,0.5
13202,0.5
12360,0.5
13349,0.5
13428,0.5
14364,0.5
13350,0.5
14585,0.5
12141,0.5
13309,0.5
13310,0.5
14721,0.5
13784,0.5
14652,0.5
14586,0.5
13445,0.5
13429,0.5
14587,0.5
13785,0.5
19786,0.5
19572,0.5
20121,0.5
21265,0.5
19787,0.5
22438,0.5
21164,0.5
19573,0.5
20122,0.5
21266,0.5
20273,0.5
21165,0.5
19788,0.5
22439,0.5
20897,0.5
19574,0.5
22240,0.5
19741,0.5
19742,0.5
19743,0.5
21672,0.5
21268,0.5
21269,0.5
19744,0.5
20274,0.5
21167,0.5
21075,0.5
21168,0.5
19745,0.5
19789,0.5
21586,0.5
19790,0.5
19791,0.5
19792,0.5
19575,0.5
19793,0.5
19576,0.5
21673,0.5
19794,0.5
22242,0.5
19795,0.5
21272,0.5
19772,0.5
20277,0.5
23589,0.5
22280,0.5
21674,0.5
21170,0.5
22244,0.5
21452,0.5
19773,0.5
19922,0.5
21454,0.5
21847,0.5
21079,0.5
21340,0.5
20278,0.5
20986,0.5
20987,0.5
20279,0.5
21171,0.5
21342,0.5
19774,0.5
21457,0.5
19923,0.5
21080,0.5
19577,0.5
19578,0.5
20280,0.5
21850,0.5
21081,0.5
21324,0.5
21426,0.5
21458,0.5
19579,0.5
19924,0.5
22444,0.5
19580,0.5
22249,0.5
21082,0.5
23066,0.5
19775,0.5
19581,0.5
21879,0.5
19776,0.5
19582,0.5
19777,0.5
21590,0.5
19583,0.5
22250,0.5
19925,0.5
19584,0.5
22053,0.5
20282,0.5
19926,0.5
19927,0.5
21592,0.5
21429,0.5
19778,0.5
22055,0.5
21880,0.5
19585,0.5
21326,0.5
19928,0.5
22448,0.5
20988,0.5
22286,0.5
21347,0.5
19586,0.5
22057,0.5
21084,0.5
21430,0.5
22288,0.5
19779,0.5
21462,0.5
21085,0.5
21329,0.5
21348,0.5
19930,0.5
19931,0.5
21526,0.5
21087,0.5
20990,0.5
21433,0.5
19780,0.5
20284,0.5
19932,0.5
20285,0.5
21434,0.5
21330,0.5
19587,0.5
21466,0.5
22290,0.5
19933,0.5
22430,0.5
19934,0.5
21528,0.5
22432,0.5
19588,0.5
19935,0.5
20287,0.5
23074,0.5
19936,0.5
21467,0.5
22602,0.5
21529,0.5
21435,0.5
19589,0.5
19937,0.5
21600,0.5
21437,0.5
21601,0.5
21090,0.5
19590,0.5
21438,0.5
21468,0.5
23077,0.5
19938,0.5
19591,0.5
20288,0.5
19939,0.5
21469,0.5
19782,0.5
21532,0.5
21439,0.5
19783,0.5
23323,0.5
20289,0.5
21604,0.5
19592,0.5
20992,0.5
21471,0.5
19784,0.5
22065,0.5
22435,0.5
22436,0.5
21092,0.5
21442,0.5
19940,0.5
19941,0.5
19785,0.5
19593,0.5
22776,0.5
22374,0.5
23179,0.5
24518,0.5
23876,0.5
23180,0.5
24050,0.5
23877,0.5
23278,0.5
24493,0.5
23181,0.5
23142,0.5
23157,0.5
23584,0.5
22141,0.5
24053,0.5
23522,0.5
24216,0.5
22375,0.5
21962,0.5
24321,0.5
23881,0.5
22142,0.5
23279,0.5
24710,0.5
23158,0.5
23300,0.5
23159,0.5
23301,0.5
23585,0.5
23160,0.5
23586,0.5
24056,0.5
24712,0.5
23302,0.5
23303,0.5
22127,0.5
23280,0.5
23185,0.5
23304,0.5
23144,0.5
23161,0.5
21963,0.5
21964,0.5
24498,0.5
24526,0.5
23281,0.5
23714,0.5
23186,0.5
24677,0.5
23282,0.5
24057,0.5
23145,0.5
23264,0.5
24326,0.5
24502,0.5
24503,0.5
24504,0.5
23146,0.5
21965,0.5
24058,0.5
23527,0.5
21966,0.5
23886,0.5
24225,0.5
23266,0.5
22144,0.5
22129,0.5
21967,0.5
21968,0.5
23284,0.5
24935,0.5
23285,0.5
24508,0.5
21969,0.5
23286,0.5
21970,0.5
22376,0.5
23288,0.5
22527,0.5
23888,0.5
21971,0.5
21972,0.5
23465,0.5
22130,0.5
22131,0.5
22148,0.5
21973,0.5
22133,0.5
23289,0.5
23290,0.5
22528,0.5
23148,0.5
23309,0.5
23149,0.5
23270,0.5
23890,0.5
23310,0.5
22529,0.5
23150,0.5
24229,0.5
22530,0.5
23718,0.5
23272,0.5
22134,0.5
24063,0.5
22135,0.5
23151,0.5
22531,0.5
24064,0.5
24065,0.5
23513,0.5
23467,0.5
22532,0.5
23273,0.5
23274,0.5
22136,0.5
23291,0.5
24515,0.5
22137,0.5
23719,0.5
24066,0.5
24067,0.5
22533,0.5
23154,0.5
23469,0.5
23470,0.5
22534,0.5
21974,0.5
23533,0.5
24688,0.5
23471,0.5
22139,0.5
22535,0.5
23293,0.5
24689,0.5
22536,0.5
24312,0.5
23472,0.5
23473,0.5
23155,0.5
23294,0.5
22537,0.5
23295,0.5
23277,0.5
23894,0.5
21975,0.5
21976,0.5
22538,0.5
22140,0.5
22539,0.5
23297,0.5
23298,0.5
22540,0.5
24314,0.5
24315,0.5
23427,0.5
21474,0.5
22262,0.5
22607,0.5
19942,0.5
21619,0.5
20451,0.5
22263,0.5
19943,0.5
23429,0.5
21651,0.5
23431,0.5
19944,0.5
20452,0.5
21652,0.5
21620,0.5
20453,0.5
22264,0.5
21653,0.5
23432,0.5
22265,0.5
19945,0.5
21621,0.5
21654,0.5
22610,0.5
20635,0.5
22611,0.5
20636,0.5
21655,0.5
23192,0.5
21622,0.5
20454,0.5
21656,0.5
21657,0.5
19946,0.5
23233,0.5
20455,0.5
20456,0.5
23401,0.5
20457,0.5
22613,0.5
21536,0.5
21623,0.5
21815,0.5
22919,0.5
22614,0.5
21624,0.5
20098,0.5
20458,0.5
20638,0.5
20099,0.5
23235,0.5
21537,0.5
22615,0.5
21776,0.5
21819,0.5
22921,0.5
20100,0.5
23362,0.5
20101,0.5
21659,0.5
21777,0.5
21660,0.5
21778,0.5
21538,0.5
21539,0.5
20459,0.5
21540,0.5
21779,0.5
21541,0.5
22619,0.5
21542,0.5
23366,0.5
20102,0.5
21781,0.5
20103,0.5
20104,0.5
23367,0.5
20105,0.5
20640,0.5
23982,0.5
22079,0.5
21543,0.5
21823,0.5
21661,0.5
21544,0.5
22620,0.5
22876,0.5
21662,0.5
20641,0.5
21663,0.5
21664,0.5
20106,0.5
21824,0.5
20643,0.5
20107,0.5
22081,0.5
21782,0.5
21665,0.5
22083,0.5
23984,0.5
21546,0.5
20461,0.5
22084,0.5
20462,0.5
22085,0.5
20108,0.5
20109,0.5
20463,0.5
23986,0.5
22086,0.5
22087,0.5
21784,0.5
21547,0.5
23434,0.5
20464,0.5
21785,0.5
22622,0.5
20110,0.5
21548,0.5
20111,0.5
21666,0.5
21549,0.5
20647,0.5
20112,0.5
23208,0.5
21786,0.5
21576,0.5
20798,0.5
23989,0.5
22623,0.5
23209,0.5
21578,0.5
23377,0.5
20113,0.5
22089,0.5
21787,0.5
21788,0.5
21579,0.5
20114,0.5
21580,0.5
23667,0.5
20115,0.5
21789,0.5
21667,0.5
20800,0.5
22091,0.5
21790,0.5
22092,0.5
21791,0.5
21581,0.5
22928,0.5
20116,0.5
22380,0.5
21793,0.5
22624,0.5
21794,0.5
21668,0.5
21582,0.5
22382,0.5
20117,0.5
21583,0.5
21669,0.5
21584,0.5
22094,0.5
22626,0.5
20118,0.5
20466,0.5
23669,0.5
20119,0.5
23542,0.5
21795,0.5
21670,0.5
24071,0.5
21585,0.5
23381,0.5
22096,0.5
20467,0.5
22097,0.5
20468,0.5
24257,0.5
22551,0.5
24258,0.5
24259,0.5
23382,0.5
22098,0.5
23741,0.5
22099,0.5
21796,0.5
20469,0.5
24130,0.5
22998,0.5
20470,0.5
22999,0.5
21797,0.5
23000,0.5
22741,0.5
22729,0.5
22742,0.5
23385,0.5
21798,0.5
23001,0.5
20471,0.5
24100,0.5
21799,0.5
22730,0.5
23743,0.5
22743,0.5
22744,0.5
24261,0.5
22745,0.5
23002,0.5
24767,0.5
24102,0.5
24103,0.5
23746,0.5
24768,0.5
22746,0.5
20472,0.5
24362,0.5
22747,0.5
23763,0.5
23003,0.5
22100,0.5
24363,0.5
22748,0.5
25136,0.5
23004,0.5
25137,0.5
20623,0.5
21800,0.5
23005,0.5
28500,0.5
24364,0.5
23006,0.5
22749,0.5
22101,0.5
22252,0.5
20624,0.5
25140,0.5
24365,0.5
24366,0.5
23414,0.5
23007,0.5
22750,0.5
21801,0.5
22751,0.5
20625,0.5
21802,0.5
20626,0.5
24367,0.5
20627,0.5
21803,0.5
21804,0.5
22903,0.5
24368,0.5
21805,0.5
22253,0.5
20628,0.5
22733,0.5
22254,0.5
23417,0.5
21806,0.5
24124,0.5
24104,0.5
22904,0.5
22734,0.5
22905,0.5
24106,0.5
21807,0.5
22906,0.5
24107,0.5
22907,0.5
20629,0.5
23421,0.5
24370,0.5
21808,0.5
22255,0.5
21809,0.5
21810,0.5
22909,0.5
23422,0.5
22910,0.5
23753,0.5
22736,0.5
22256,0.5
24109,0.5
23754,0.5
24110,0.5
20630,0.5
23969,0.5
22257,0.5
22911,0.5
22258,0.5
23008,0.5
20631,0.5
20632,0.5
23425,0.5
22259,0.5
22260,0.5
22261,0.5
23009,0.5
20633,0.5
23426,0.5
17097,0.5
19475,0.5
16011,0.5
14966,0.5
18194,0.5
14967,0.5
14968,0.5
17464,0.5
15920,0.5
17071,0.5
15921,0.5
18546,0.5
17098,0.5
17072,0.5
17073,0.5
18065,0.5
14969,0.5
18066,0.5
17074,0.5
17465,0.5
17174,0.5
17466,0.5
17100,0.5
17175,0.5
14970,0.5
17176,0.5
15958,0.5
18069,0.5
18551,0.5
18158,0.5
18159,0.5
15959,0.5
15960,0.5
17101,0.5
14971,0.5
17467,0.5
17078,0.5
14972,0.5
15961,0.5
17468,0.5
17469,0.5
19480,0.5
17079,0.5
17103,0.5
17104,0.5
18070,0.5
17105,0.5
17178,0.5
14973,0.5
15922,0.5
18072,0.5
17470,0.5
16138,0.5
18074,0.5
17106,0.5
14974,0.5
18199,0.5
15962,0.5
18163,0.5
16113,0.5
17081,0.5
17471,0.5
17107,0.5
16139,0.5
17082,0.5
17083,0.5
19525,0.5
17108,0.5
14975,0.5
17473,0.5
16114,0.5
18553,0.5
16115,0.5
15923,0.5
17474,0.5
18075,0.5
18203,0.5
15924,0.5
18204,0.5
17109,0.5
16116,0.5
15925,0.5
15926,0.5
18076,0.5
18205,0.5
14976,0.5
17110,0.5
16117,0.5
17111,0.5
18206,0.5
17085,0.5
14977,0.5
17476,0.5
18207,0.5
17477,0.5
17183,0.5
17478,0.5
17086,0.5
17184,0.5
19527,0.5
18208,0.5
16142,0.5
17087,0.5
18210,0.5
14978,0.5
16118,0.5
17185,0.5
18558,0.5
18559,0.5
18211,0.5
17480,0.5
15927,0.5
15928,0.5
14979,0.5
18080,0.5
15929,0.5
16119,0.5
17187,0.5
14980,0.5
24579,0.5
24580,0.5
21019,0.5
24581,0.5
23702,0.5
24309,0.5
22420,0.5
23450,0.5
23703,0.5
22421,0.5
21020,0.5
24582,0.5
21021,0.5
23451,0.5
23452,0.5
22422,0.5
23453,0.5
23454,0.5
23455,0.5
23704,0.5
23456,0.5
23457,0.5
24583,0.5
21022,0.5
21023,0.5
21174,0.5
24584,0.5
23705,0.5
21175,0.5
23706,0.5
24585,0.5
23458,0.5
22423,0.5
22424,0.5
21176,0.5
21177,0.5
21178,0.5
22425,0.5
23707,0.5
21179,0.5
23459,0.5
23708,0.5
28586,0.5
24586,0.5
21180,0.5
22309,0.5
23709,0.5
21181,0.5
22426,0.5
22310,0.5
23460,0.5
22577,0.5
23710,0.5
24587,0.5
24713,0.5
28587,0.5
23711,0.5
22311,0.5
22312,0.5
22313,0.5
24310,0.5
22314,0.5
22578,0.5
24311,0.5
24337,0.5
22579,0.5
23712,0.5
23713,0.5
28588,0.5
21182,0.5
21183,0.5
24714,0.5
21184,0.5
24715,0.5
22580,0.5
24338,0.5
22581,0.5
21185,0.5
22315,0.5
24716,0.5
24717,0.5
24339,0.5
24340,0.5
28589,0.5
24718,0.5
23461,0.5
23839,0.5
23462,0.5
21186,0.5
22316,0.5
22582,0.5
21187,0.5
23613,0.5
22317,0.5
23840,0.5
24341,0.5
23841,0.5
23842,0.5
28590,0.5
22583,0.5
24342,0.5
23614,0.5
28591,0.5
23615,0.5
23616,0.5
21188,0.5
23843,0.5
22584,0.5
22318,0.5
22319,0.5
24343,0.5
21189,0.5
21190,0.5
24344,0.5
21191,0.5
24345,0.5
24346,0.5
28592,0.5
28593,0.5
22585,0.5
22586,0.5
22587,0.5
28594,0.5
24347,0.5
23844,0.5
23617,0.5
24348,0.5
28595,0.5
24719,0.5
24349,0.5
23845,0.5
22588,0.5
24720,0.5
21192,0.5
21193,0.5
22589,0.5
23846,0.5
23847,0.5
24350,0.5
21194,0.5
22590,0.5
22591,0.5
28596,0.5
23848,0.5
22592,0.5
22593,0.5
23849,0.5
28597,0.5
22594,0.5
24721,0.5
24722,0.5
23850,0.5
28598,0.5
22320,0.5
24351,0.5
16696,0.5
16145,0.5
15649,0.5
16419,0.5
15146,0.5
15147,0.5
15296,0.5
15650,0.5
16575,0.5
16364,0.5
15651,0.5
16576,0.5
15297,0.5
16577,0.5
16698,0.5
16146,0.5
15652,0.5
16381,0.5
17865,0.5
15148,0.5
16382,0.5
15653,0.5
16147,0.5
15298,0.5
15425,0.5
16700,0.5
16701,0.5
15654,0.5
16421,0.5
16365,0.5
16148,0.5
15299,0.5
15300,0.5
16366,0.5
15301,0.5
16384,0.5
15426,0.5
16367,0.5
15149,0.5
15428,0.5
16599,0.5
16385,0.5
16731,0.5
15657,0.5
16579,0.5
16600,0.5
16422,0.5
16149,0.5
16423,0.5
16601,0.5
17327,0.5
15150,0.5
16150,0.5
15302,0.5
16424,0.5
15151,0.5
15152,0.5
15304,0.5
15153,0.5
16368,0.5
16151,0.5
15154,0.5
15155,0.5
16425,0.5
15658,0.5
16152,0.5
15156,0.5
15157,0.5
15306,0.5
15307,0.5
16581,0.5
16427,0.5
15659,0.5
16606,0.5
16981,0.5
15308,0.5
16387,0.5
15158,0.5
16563,0.5
16777,0.5
15159,0.5
15310,0.5
16607,0.5
15660,0.5
16582,0.5
16371,0.5
15661,0.5
16565,0.5
15411,0.5
15412,0.5
15160,0.5
15413,0.5
17874,0.5
16566,0.5
17876,0.5
16153,0.5
15286,0.5
16155,0.5
16156,0.5
15414,0.5
16585,0.5
15415,0.5
15416,0.5
16157,0.5
16158,0.5
15417,0.5
16431,0.5
16609,0.5
16568,0.5
16372,0.5
16373,0.5
16569,0.5
16374,0.5
16375,0.5
15287,0.5
17877,0.5
16586,0.5
16710,0.5
15288,0.5
15289,0.5
16571,0.5
16432,0.5
16433,0.5
15787,0.5
16688,0.5
16434,0.5
15290,0.5
16689,0.5
15788,0.5
15789,0.5
15291,0.5
15645,0.5
16436,0.5
18057,0.5
15292,0.5
16160,0.5
16437,0.5
16588,0.5
16784,0.5
16690,0.5
16573,0.5
16161,0.5
16692,0.5
16967,0.5
15790,0.5
16611,0.5
15419,0.5
15293,0.5
15294,0.5
15420,0.5
15791,0.5
16162,0.5
15792,0.5
16590,0.5
16591,0.5
16968,0.5
16763,0.5
15793,0.5
16378,0.5
16313,0.5
15295,0.5
15422,0.5
16380,0.5
16593,0.5
16314,0.5
16695,0.5
15794,0.5
15795,0.5
16595,0.5
24865,0.5
28661,0.5
22889,0.5
24624,0.5
22890,0.5
24276,0.5
21738,0.5
22891,0.5
21739,0.5
21740,0.5
24625,0.5
22892,0.5
23164,0.5
24277,0.5
23165,0.5
23951,0.5
23166,0.5
24626,0.5
28662,0.5
24866,0.5
23952,0.5
23953,0.5
23954,0.5
21741,0.5
23167,0.5
24627,0.5
28663,0.5
24867,0.5
22893,0.5
21742,0.5
22894,0.5
21743,0.5
23955,0.5
24278,0.5
28664,0.5
23168,0.5
24628,0.5
28665,0.5
22895,0.5
28666,0.5
23169,0.5
24629,0.5
24868,0.5
24869,0.5
21744,0.5
24279,0.5
28667,0.5
28668,0.5
28669,0.5
23956,0.5
21745,0.5
24630,0.5
23957,0.5
24631,0.5
24280,0.5
23958,0.5
24632,0.5
28670,0.5
24281,0.5
21746,0.5
24870,0.5
24282,0.5
23959,0.5
28671,0.5
23170,0.5
21747,0.5
24871,0.5
24633,0.5
21748,0.5
22896,0.5
22897,0.5
23171,0.5
21749,0.5
23172,0.5
23960,0.5
24283,0.5
22898,0.5
22899,0.5
22900,0.5
24872,0.5
24284,0.5
23961,0.5
21750,0.5
21952,0.5
24285,0.5
24286,0.5
28672,0.5
21953,0.5
22901,0.5
24634,0.5
24635,0.5
21954,0.5
24636,0.5
23173,0.5
23962,0.5
23137,0.5
23138,0.5
24873,0.5
23963,0.5
23139,0.5
23140,0.5
24637,0.5
24663,0.5
24046,0.5
24487,0.5
24488,0.5
28673,0.5
28674,0.5
24047,0.5
24874,0.5
21955,0.5
21956,0.5
24489,0.5
24664,0.5
23141,0.5
24875,0.5
23174,0.5
21957,0.5
21958,0.5
24665,0.5
24490,0.5
24491,0.5
21959,0.5
21960,0.5
23175,0.5
24666,0.5
23176,0.5
24048,0.5
23177,0.5
24926,0.5
28675,0.5
21961,0.5
24667,0.5
24668,0.5
28676,0.5
24432,0.5
24903,0.5
23724,0.5
24894,0.5
22541,0.5
24433,0.5
22364,0.5
25113,0.5
24895,0.5
23725,0.5
24896,0.5
22542,0.5
24558,0.5
23897,0.5
25030,0.5
22365,0.5
23898,0.5
25032,0.5
24757,0.5
25034,0.5
24758,0.5
22366,0.5
25035,0.5
22367,0.5
23900,0.5
25074,0.5
23659,0.5
24759,0.5
24905,0.5
23660,0.5
23570,0.5
24560,0.5
24561,0.5
23661,0.5
24898,0.5
23662,0.5
23864,0.5
23865,0.5
22368,0.5
25116,0.5
22369,0.5
23902,0.5
22370,0.5
25036,0.5
23727,0.5
23728,0.5
24641,0.5
25118,0.5
23903,0.5
23729,0.5
22543,0.5
23866,0.5
24908,0.5
23867,0.5
22544,0.5
23730,0.5
23731,0.5
24644,0.5
22545,0.5
24645,0.5
23904,0.5
25037,0.5
25038,0.5
23905,0.5
23732,0.5
25039,0.5
24978,0.5
23733,0.5
23572,0.5
23869,0.5
23734,0.5
24537,0.5
24647,0.5
24648,0.5
22546,0.5
24763,0.5
23735,0.5
22547,0.5
22548,0.5
24826,0.5
23873,0.5
24538,0.5
23574,0.5
24912,0.5
24981,0.5
23736,0.5
24982,0.5
22549,0.5
24983,0.5
23737,0.5
24650,0.5
23874,0.5
22371,0.5
24827,0.5
24540,0.5
24541,0.5
24913,0.5
24542,0.5
24651,0.5
23576,0.5
25123,0.5
22372,0.5
22550,0.5
23577,0.5
23738,0.5
24828,0.5
23578,0.5
24543,0.5
24915,0.5
24652,0.5
24916,0.5
23906,0.5
24830,0.5
23907,0.5
25085,0.5
23908,0.5
24544,0.5
22373,0.5
23579,0.5
23580,0.5
15082,0.5
15083,0.5
13493,0.5
15512,0.5
15562,0.5
13619,0.5
15835,0.5
12483,0.5
12484,0.5
13978,0.5
13494,0.5
15513,0.5
15514,0.5
15837,0.5
13979,0.5
12485,0.5
12799,0.5
15219,0.5
27284,0.5
16039,0.5
13620,0.5
13621,0.5
12800,0.5
27285,0.5
15565,0.5
14785,0.5
13776,0.5
16041,0.5
13980,0.5
14081,0.5
12486,0.5
12487,0.5
15516,0.5
16027,0.5
13495,0.5
15566,0.5
12488,0.5
15567,0.5
15517,0.5
15518,0.5
14786,0.5
13623,0.5
16029,0.5
12928,0.5
13496,0.5
12489,0.5
12930,0.5
12490,0.5
15519,0.5
13777,0.5
13624,0.5
16030,0.5
27292,0.5
15568,0.5
12932,0.5
27294,0.5
14787,0.5
16045,0.5
12933,0.5
14788,0.5
13625,0.5
16032,0.5
13778,0.5
13498,0.5
13626,0.5
12934,0.5
14789,0.5
14085,0.5
13500,0.5
16049,0.5
12935,0.5
13501,0.5
13627,0.5
12936,0.5
13780,0.5
12491,0.5
13628,0.5
12492,0.5
15522,0.5
13503,0.5
14790,0.5
12939,0.5
13981,0.5
12493,0.5
14791,0.5
13982,0.5
16034,0.5
12494,0.5
12941,0.5
12495,0.5
15572,0.5
16347,0.5
13656,0.5
14792,0.5
13629,0.5
14793,0.5
14794,0.5
13630,0.5
27299,0.5
12942,0.5
14087,0.5
15230,0.5
15524,0.5
13983,0.5
12943,0.5
16053,0.5
13806,0.5
13984,0.5
13657,0.5
13807,0.5
15525,0.5
12944,0.5
13658,0.5
12496,0.5
12497,0.5
15574,0.5
14090,0.5
16037,0.5
16055,0.5
15233,0.5
15529,0.5
12945,0.5
13808,0.5
15234,0.5
13660,0.5
13661,0.5
13986,0.5
13987,0.5
13662,0.5
13988,0.5
13989,0.5
14091,0.5
13663,0.5
13990,0.5
14092,0.5
13809,0.5
13664,0.5
15530,0.5
13810,0.5
12946,0.5
13665,0.5
15531,0.5
14796,0.5
13991,0.5
12947,0.5
14094,0.5
13992,0.5
12498,0.5
15578,0.5
16060,0.5
12499,0.5
14095,0.5
13811,0.5
10618,0.5
13241,0.5
10619,0.5
12625,0.5
12248,0.5
11553,0.5
11554,0.5
11781,0.5
13867,0.5
12651,0.5
13242,0.5
12250,0.5
13868,0.5
13869,0.5
12251,0.5
11782,0.5
12126,0.5
12327,0.5
13465,0.5
11555,0.5
11556,0.5
12378,0.5
12829,0.5
13466,0.5
13467,0.5
12379,0.5
10620,0.5
13246,0.5
11557,0.5
12727,0.5
12728,0.5
10621,0.5
10622,0.5
12729,0.5
13870,0.5
10623,0.5
12330,0.5
13247,0.5
13248,0.5
10624,0.5
12731,0.5
11830,0.5
13468,0.5
11558,0.5
10800,0.5
13365,0.5
13249,0.5
13469,0.5
13871,0.5
13470,0.5
10801,0.5
11559,0.5
12772,0.5
10802,0.5
11832,0.5
11783,0.5
10803,0.5
12773,0.5
12381,0.5
10804,0.5
11784,0.5
12732,0.5
12383,0.5
12733,0.5
13252,0.5
11560,0.5
13875,0.5
11785,0.5
13378,0.5
11786,0.5
12734,0.5
13876,0.5
10805,0.5
12902,0.5
12735,0.5
11787,0.5
14320,0.5
10806,0.5
12335,0.5
12387,0.5
12905,0.5
11788,0.5
10807,0.5
13368,0.5
12737,0.5
11269,0.5
12738,0.5
11561,0.5
11789,0.5
12739,0.5
12740,0.5
13878,0.5
11270,0.5
13381,0.5
13382,0.5
11790,0.5
12389,0.5
11791,0.5
11271,0.5
13369,0.5
12741,0.5
11272,0.5
12336,0.5
13371,0.5
11792,0.5
14322,0.5
10808,0.5
12841,0.5
12338,0.5
11793,0.5
11562,0.5
11563,0.5
11564,0.5
12390,0.5
12391,0.5
13374,0.5
11794,0.5
13476,0.5
12340,0.5
11565,0.5
11566,0.5
13386,0.5
13904,0.5
10809,0.5
13812,0.5
15533,0.5
13813,0.5
12500,0.5
13666,0.5
27305,0.5
15246,0.5
15534,0.5
13814,0.5
13667,0.5
12501,0.5
27306,0.5
16061,0.5
15535,0.5
16062,0.5
15247,0.5
12777,0.5
14799,0.5
13815,0.5
14800,0.5
15536,0.5
27307,0.5
15737,0.5
15738,0.5
13668,0.5
14801,0.5
27308,0.5
13669,0.5
12778,0.5
14802,0.5
27309,0.5
27310,0.5
15739,0.5
14803,0.5
15740,0.5
15248,0.5
15741,0.5
13816,0.5
16188,0.5
15742,0.5
15743,0.5
12779,0.5
14804,0.5
13670,0.5
15249,0.5
15250,0.5
16189,0.5
27311,0.5
16190,0.5
14805,0.5
14806,0.5
14807,0.5
16191,0.5
15251,0.5
13817,0.5
15252,0.5
15253,0.5
15254,0.5
14934,0.5
13818,0.5
15744,0.5
14935,0.5
15745,0.5
15255,0.5
27312,0.5
13819,0.5
12780,0.5
14936,0.5
13671,0.5
15256,0.5
13672,0.5
15746,0.5
13820,0.5
15747,0.5
15748,0.5
15749,0.5
13673,0.5
15750,0.5
12781,0.5
13821,0.5
27313,0.5
15751,0.5
12782,0.5
15257,0.5
15752,0.5
14937,0.5
14938,0.5
13674,0.5
15258,0.5
27314,0.5
16192,0.5
15259,0.5
12783,0.5
15260,0.5
12784,0.5
13675,0.5
12785,0.5
15753,0.5
15386,0.5
27315,0.5
15387,0.5
13822,0.5
12786,0.5
27316,0.5
15754,0.5
14939,0.5
27317,0.5
15755,0.5
13823,0.5
27318,0.5
27319,0.5
16193,0.5
13824,0.5
14940,0.5
15756,0.5
14941,0.5
13676,0.5
13677,0.5
13678,0.5
13679,0.5
15388,0.5
13825,0.5
15757,0.5
14942,0.5
15389,0.5
15390,0.5
15391,0.5
13826,0.5
16194,0.5
14943,0.5
14944,0.5
27320,0.5
13680,0.5
13827,0.5
15758,0.5
13756,0.5
27321,0.5
12787,0.5
27322,0.5
15392,0.5
27323,0.5
15759,0.5
15393,0.5
16195,0.5
13828,0.5
14945,0.5
13757,0.5
13758,0.5
27324,0.5
16196,0.5
15760,0.5
13829,0.5
13759,0.5
14946,0.5
13830,0.5
15930,0.5
17112,0.5
18212,0.5
17213,0.5
16120,0.5
18082,0.5
16121,0.5
18083,0.5
18213,0.5
16122,0.5
17214,0.5
17481,0.5
16123,0.5
14981,0.5
14982,0.5
14983,0.5
17482,0.5
18094,0.5
15931,0.5
20999,0.5
16124,0.5
20075,0.5
18341,0.5
17483,0.5
16125,0.5
18342,0.5
17215,0.5
18096,0.5
16126,0.5
18097,0.5
16127,0.5
18344,0.5
15932,0.5
18987,0.5
17484,0.5
17216,0.5
16128,0.5
18084,0.5
16129,0.5
17217,0.5
20224,0.5
15110,0.5
16130,0.5
15111,0.5
21005,0.5
17485,0.5
18990,0.5
18345,0.5
18991,0.5
16131,0.5
15112,0.5
17218,0.5
15113,0.5
17486,0.5
15933,0.5
17487,0.5
18346,0.5
15934,0.5
16132,0.5
15114,0.5
16133,0.5
17488,0.5
16134,0.5
16135,0.5
16136,0.5
19145,0.5
16137,0.5
16263,0.5
18347,0.5
18085,0.5
18348,0.5
18086,0.5
17614,0.5
17219,0.5
17615,0.5
18349,0.5
18350,0.5
20231,0.5
15115,0.5
15116,0.5
15117,0.5
18351,0.5
18087,0.5
15935,0.5
18352,0.5
16264,0.5
16265,0.5
15118,0.5
15119,0.5
19149,0.5
16266,0.5
18353,0.5
18354,0.5
18355,0.5
18088,0.5
18109,0.5
16267,0.5
15120,0.5
15121,0.5
17220,0.5
21008,0.5
18216,0.5
15122,0.5
18356,0.5
21504,0.5
16268,0.5
16269,0.5
18217,0.5
21419,0.5
15123,0.5
17221,0.5
15124,0.5
18111,0.5
18218,0.5
16270,0.5
19154,0.5
17222,0.5
15936,0.5
15125,0.5
17223,0.5
17616,0.5
16271,0.5
17617,0.5
17618,0.5
18219,0.5
15937,0.5
18220,0.5
18357,0.5
16163,0.5
18221,0.5
15126,0.5
16272,0.5
18358,0.5
18359,0.5
17619,0.5
16164,0.5
17620,0.5
18360,0.5
16165,0.5
18112,0.5
17224,0.5
17621,0.5
24416,0.5
24609,0.5
24821,0.5
24822,0.5
24610,0.5
24417,0.5
28729,0.5
23536,0.5
24823,0.5
22151,0.5
24824,0.5
24825,0.5
24876,0.5
28730,0.5
23475,0.5
28731,0.5
25056,0.5
28732,0.5
23476,0.5
24877,0.5
23537,0.5
23638,0.5
23477,0.5
23478,0.5
23639,0.5
24418,0.5
25057,0.5
23479,0.5
24611,0.5
24878,0.5
24612,0.5
24879,0.5
24419,0.5
23640,0.5
24420,0.5
25058,0.5
28733,0.5
24421,0.5
24880,0.5
24422,0.5
22352,0.5
22353,0.5
24738,0.5
24881,0.5
28734,0.5
24739,0.5
23480,0.5
28735,0.5
23481,0.5
28736,0.5
28737,0.5
22354,0.5
24423,0.5
24424,0.5
28738,0.5
25059,0.5
24740,0.5
24741,0.5
22355,0.5
24882,0.5
24883,0.5
28739,0.5
23641,0.5
22356,0.5
24884,0.5
25060,0.5
23482,0.5
24885,0.5
23483,0.5
24425,0.5
25061,0.5
24886,0.5
28740,0.5
23484,0.5
24426,0.5
22357,0.5
28741,0.5
28742,0.5
24887,0.5
23642,0.5
28743,0.5
25062,0.5
22358,0.5
23485,0.5
25063,0.5
23643,0.5
24742,0.5
28744,0.5
22359,0.5
23644,0.5
23645,0.5
23646,0.5
28745,0.5
25064,0.5
22360,0.5
25065,0.5
24888,0.5
24427,0.5
23647,0.5
23648,0.5
24889,0.5
24743,0.5
23649,0.5
24890,0.5
28746,0.5
24428,0.5
23486,0.5
25066,0.5
25067,0.5
23650,0.5
25068,0.5
28747,0.5
23651,0.5
23487,0.5
24429,0.5
28748,0.5
23563,0.5
24744,0.5
22361,0.5
24745,0.5
22362,0.5
28749,0.5
23564,0.5
25069,0.5
24891,0.5
23652,0.5
24892,0.5
28750,0.5
23565,0.5
23653,0.5
24746,0.5
24747,0.5
28751,0.5
24430,0.5
24748,0.5
28752,0.5
24431,0.5
28753,0.5
24749,0.5
23566,0.5
24750,0.5
24751,0.5
24752,0.5
28754,0.5
23654,0.5
28755,0.5
25070,0.5
23567,0.5
23655,0.5
24753,0.5
25071,0.5
23656,0.5
22363,0.5
23657,0.5
23568,0.5
24893,0.5
22171,0.5
19846,0.5
18582,0.5
20924,0.5
18583,0.5
20925,0.5
20926,0.5
28135,0.5
22172,0.5
20927,0.5
19691,0.5
19692,0.5
20567,0.5
22173,0.5
28136,0.5
28137,0.5
19693,0.5
20928,0.5
28138,0.5
20929,0.5
22174,0.5
22175,0.5
19694,0.5
21949,0.5
18584,0.5
22176,0.5
19972,0.5
20568,0.5
19695,0.5
19973,0.5
20930,0.5
20569,0.5
18585,0.5
22327,0.5
20931,0.5
28139,0.5
19974,0.5
18586,0.5
21951,0.5
28140,0.5
28141,0.5
18587,0.5
22328,0.5
19975,0.5
19976,0.5
19977,0.5
20932,0.5
22027,0.5
22329,0.5
19978,0.5
19979,0.5
19847,0.5
20570,0.5
20933,0.5
20571,0.5
22330,0.5
28142,0.5
18588,0.5
20934,0.5
19980,0.5
19848,0.5
28143,0.5
20935,0.5
19849,0.5
19981,0.5
28144,0.5
19850,0.5
28145,0.5
20936,0.5
28146,0.5
19982,0.5
20572,0.5
19851,0.5
18589,0.5
20723,0.5
18590,0.5
28147,0.5
20724,0.5
19852,0.5
20937,0.5
20938,0.5
22331,0.5
19983,0.5
22028,0.5
22029,0.5
19984,0.5
20939,0.5
22030,0.5
20725,0.5
19985,0.5
19986,0.5
28148,0.5
22332,0.5
20940,0.5
20726,0.5
22333,0.5
22334,0.5
20727,0.5
28149,0.5
20728,0.5
19987,0.5
22031,0.5
18591,0.5
20729,0.5
19853,0.5
19988,0.5
22335,0.5
22032,0.5
20730,0.5
20731,0.5
20732,0.5
18742,0.5
28150,0.5
22336,0.5
28151,0.5
22337,0.5
19854,0.5
22033,0.5
22338,0.5
22034,0.5
20941,0.5
19855,0.5
19856,0.5
22339,0.5
19989,0.5
20942,0.5
20943,0.5
20733,0.5
13905,0.5
14686,0.5
11837,0.5
14687,0.5
27196,0.5
12912,0.5
11838,0.5
14006,0.5
14327,0.5
14328,0.5
14688,0.5
14329,0.5
27197,0.5
14330,0.5
14007,0.5
27198,0.5
14008,0.5
11839,0.5
12844,0.5
11840,0.5
14689,0.5
12913,0.5
15378,0.5
14690,0.5
12914,0.5
12915,0.5
15379,0.5
27199,0.5
14009,0.5
15380,0.5
14010,0.5
15381,0.5
14011,0.5
27200,0.5
14456,0.5
12845,0.5
11841,0.5
14457,0.5
14691,0.5
12916,0.5
12917,0.5
11842,0.5
14458,0.5
12918,0.5
15382,0.5
12919,0.5
12846,0.5
12920,0.5
14012,0.5
14692,0.5
14693,0.5
14694,0.5
27201,0.5
11843,0.5
14695,0.5
11844,0.5
15383,0.5
14696,0.5
11845,0.5
14697,0.5
14013,0.5
15384,0.5
15385,0.5
14014,0.5
14459,0.5
11846,0.5
27202,0.5
14460,0.5
12921,0.5
27203,0.5
14698,0.5
27204,0.5
11847,0.5
12922,0.5
12923,0.5
15537,0.5
15538,0.5
11848,0.5
11849,0.5
12847,0.5
14461,0.5
27205,0.5
27206,0.5
14699,0.5
27207,0.5
11850,0.5
12848,0.5
12924,0.5
14700,0.5
14701,0.5
11851,0.5
11952,0.5
11953,0.5
12925,0.5
14702,0.5
15539,0.5
27208,0.5
14015,0.5
12926,0.5
27209,0.5
14462,0.5
14463,0.5
12977,0.5
14703,0.5
12849,0.5
14464,0.5
15540,0.5
11954,0.5
11955,0.5
14704,0.5
14705,0.5
11956,0.5
27210,0.5
15541,0.5
27211,0.5
14465,0.5
14466,0.5
14706,0.5
15542,0.5
15543,0.5
27212,0.5
14707,0.5
12850,0.5
11957,0.5
14016,0.5
15544,0.5
12851,0.5
12978,0.5
12979,0.5
13103,0.5
15545,0.5
13104,0.5
12980,0.5
14909,0.5
12981,0.5
14910,0.5
12982,0.5
14017,0.5
27213,0.5
13105,0.5
12983,0.5
24140,0.5
28443,0.5
21887,0.5
23799,0.5
23800,0.5
20290,0.5
23801,0.5
22852,0.5
21888,0.5
23802,0.5
24141,0.5
28444,0.5
24142,0.5
21607,0.5
22853,0.5
20291,0.5
21889,0.5
22854,0.5
20292,0.5
28445,0.5
28446,0.5
21890,0.5
23803,0.5
24143,0.5
23804,0.5
22855,0.5
20293,0.5
24144,0.5
28447,0.5
22856,0.5
23082,0.5
28448,0.5
23083,0.5
21608,0.5
23084,0.5
23805,0.5
23806,0.5
24145,0.5
24146,0.5
24147,0.5
23807,0.5
28449,0.5
23808,0.5
28450,0.5
28451,0.5
20294,0.5
22857,0.5
28452,0.5
23085,0.5
23809,0.5
28453,0.5
21609,0.5
23086,0.5
28454,0.5
23212,0.5
22858,0.5
28455,0.5
22859,0.5
21610,0.5
21611,0.5
23810,0.5
23213,0.5
20295,0.5
24148,0.5
23214,0.5
28456,0.5
28457,0.5
23811,0.5
24149,0.5
21891,0.5
24150,0.5
28458,0.5
23812,0.5
23215,0.5
21892,0.5
24151,0.5
23813,0.5
24152,0.5
23216,0.5
21893,0.5
23217,0.5
21894,0.5
20296,0.5
28459,0.5
23218,0.5
20297,0.5
24021,0.5
20448,0.5
23219,0.5
21613,0.5
22861,0.5
21614,0.5
21896,0.5
24153,0.5
23220,0.5
23221,0.5
24154,0.5
22862,0.5
24155,0.5
20449,0.5
21897,0.5
23222,0.5
24156,0.5
24157,0.5
22863,0.5
24158,0.5
23223,0.5
28460,0.5
24022,0.5
21615,0.5
24023,0.5
21616,0.5
24024,0.5
28461,0.5
24025,0.5
21898,0.5
24026,0.5
23224,0.5
23225,0.5
28462,0.5
22864,0.5
23226,0.5
21617,0.5
24159,0.5
23227,0.5
28463,0.5
24160,0.5
24161,0.5
21899,0.5
24027,0.5
24237,0.5
22865,0.5
21618,0.5
23228,0.5
24028,0.5
23229,0.5
19499,0.5
18403,0.5
21907,0.5
21908,0.5
21909,0.5
20376,0.5
21983,0.5
20608,0.5
18404,0.5
19596,0.5
28096,0.5
19500,0.5
18405,0.5
18406,0.5
20377,0.5
20609,0.5
19501,0.5
19597,0.5
20378,0.5
19502,0.5
19503,0.5
20610,0.5
19598,0.5
20611,0.5
19504,0.5
20379,0.5
19505,0.5
21910,0.5
18407,0.5
20380,0.5
19599,0.5
19506,0.5
19507,0.5
19600,0.5
19601,0.5
20612,0.5
20613,0.5
21984,0.5
19602,0.5
21985,0.5
21911,0.5
21912,0.5
21913,0.5
20614,0.5
19508,0.5
28097,0.5
19603,0.5
20381,0.5
21914,0.5
19604,0.5
19605,0.5
20382,0.5
20615,0.5
21915,0.5
28098,0.5
28099,0.5
19509,0.5
19606,0.5
19607,0.5
21986,0.5
19510,0.5
21916,0.5
21917,0.5
21987,0.5
28100,0.5
20616,0.5
28101,0.5
20383,0.5
19511,0.5
19608,0.5
19609,0.5
21918,0.5
28102,0.5
21919,0.5
21988,0.5
21920,0.5
19512,0.5
19513,0.5
19514,0.5
21989,0.5
19610,0.5
20384,0.5
21990,0.5
19611,0.5
18408,0.5
19612,0.5
19613,0.5
28103,0.5
20617,0.5
19614,0.5
19615,0.5
21991,0.5
20618,0.5
19515,0.5
28104,0.5
19516,0.5
19517,0.5
21921,0.5
18409,0.5
19616,0.5
28105,0.5
19617,0.5
19518,0.5
18410,0.5
21922,0.5
19618,0.5
19519,0.5
28106,0.5
21992,0.5
20619,0.5
18411,0.5
19619,0.5
20385,0.5
20386,0.5
19822,0.5
28107,0.5
19670,0.5
20620,0.5
21993,0.5
19823,0.5
20387,0.5
28108,0.5
19824,0.5
21994,0.5
28109,0.5
21995,0.5
21923,0.5
28110,0.5
21996,0.5
21924,0.5
19671,0.5
28111,0.5
28112,0.5
18412,0.5
20621,0.5
19825,0.5
21925,0.5
21997,0.5
19672,0.5
18413,0.5
21998,0.5
28113,0.5
11958,0.5
14911,0.5
15127,0.5
12984,0.5
18361,0.5
14018,0.5
14467,0.5
11959,0.5
11960,0.5
17226,0.5
14912,0.5
13106,0.5
13107,0.5
12985,0.5
12986,0.5
14019,0.5
14913,0.5
14020,0.5
14021,0.5
12987,0.5
14468,0.5
14914,0.5
14022,0.5
12988,0.5
13108,0.5
13109,0.5
14915,0.5
17625,0.5
12989,0.5
18364,0.5
13110,0.5
17230,0.5
14916,0.5
14469,0.5
11961,0.5
14470,0.5
12990,0.5
11962,0.5
18365,0.5
15547,0.5
12991,0.5
14471,0.5
13111,0.5
14023,0.5
15131,0.5
14917,0.5
14472,0.5
11963,0.5
14024,0.5
14473,0.5
11964,0.5
14025,0.5
12992,0.5
14474,0.5
17629,0.5
14026,0.5
14475,0.5
14476,0.5
12993,0.5
14027,0.5
15549,0.5
14918,0.5
13112,0.5
14028,0.5
18228,0.5
14919,0.5
12994,0.5
12995,0.5
14029,0.5
13113,0.5
14030,0.5
13114,0.5
14478,0.5
13115,0.5
18443,0.5
12996,0.5
13116,0.5
15550,0.5
15135,0.5
11965,0.5
14920,0.5
14181,0.5
11966,0.5
13117,0.5
14921,0.5
11967,0.5
15552,0.5
13118,0.5
11968,0.5
14479,0.5
13119,0.5
13120,0.5
14182,0.5
15138,0.5
18447,0.5
14480,0.5
14922,0.5
12997,0.5
14923,0.5
18448,0.5
13121,0.5
17636,0.5
18449,0.5
11969,0.5
13122,0.5
14183,0.5
12998,0.5
14481,0.5
18451,0.5
11970,0.5
14632,0.5
14633,0.5
15140,0.5
13123,0.5
14184,0.5
12999,0.5
15555,0.5
15556,0.5
11971,0.5
13124,0.5
14634,0.5
18455,0.5
18456,0.5
13125,0.5
13000,0.5
14924,0.5
11972,0.5
14635,0.5
13001,0.5
15557,0.5
14636,0.5
14925,0.5
14926,0.5
14186,0.5
11973,0.5
11974,0.5
14187,0.5
13002,0.5
11975,0.5
15143,0.5
14927,0.5
15144,0.5
14637,0.5
14928,0.5
13179,0.5
13126,0.5
14929,0.5
14930,0.5
15559,0.5
17638,0.5
13127,0.5
27972,0.5
18631,0.5
21038,0.5
18611,0.5
18612,0.5
19455,0.5
19712,0.5
18613,0.5
18614,0.5
18632,0.5
20914,0.5
21039,0.5
27973,0.5
21040,0.5
17791,0.5
19456,0.5
27974,0.5
27975,0.5
21041,0.5
18615,0.5
17792,0.5
19713,0.5
18616,0.5
19457,0.5
27976,0.5
17793,0.5
19714,0.5
18767,0.5
19715,0.5
27977,0.5
17794,0.5
27978,0.5
18768,0.5
19458,0.5
17795,0.5
19716,0.5
20915,0.5
21042,0.5
18633,0.5
19459,0.5
17796,0.5
19460,0.5
27979,0.5
18769,0.5
18770,0.5
18771,0.5
20916,0.5
18634,0.5
21043,0.5
18772,0.5
21044,0.5
21045,0.5
27980,0.5
18773,0.5
27981,0.5
18774,0.5
20917,0.5
19717,0.5
20918,0.5
20919,0.5
20920,0.5
18635,0.5
18775,0.5
18636,0.5
20921,0.5
21046,0.5
20922,0.5
19718,0.5
17797,0.5
21047,0.5
19719,0.5
21124,0.5
21125,0.5
18637,0.5
18638,0.5
21126,0.5
19461,0.5
19462,0.5
18776,0.5
27982,0.5
21048,0.5
19463,0.5
17798,0.5
19720,0.5
21199,0.5
18777,0.5
21127,0.5
18778,0.5
18639,0.5
19872,0.5
19873,0.5
19464,0.5
27983,0.5
21128,0.5
18640,0.5
27984,0.5
21200,0.5
27985,0.5
21129,0.5
19465,0.5
19466,0.5
19874,0.5
21130,0.5
19875,0.5
19876,0.5
17799,0.5
18641,0.5
17800,0.5
19877,0.5
21201,0.5
19878,0.5
17801,0.5
21202,0.5
21203,0.5
18779,0.5
18792,0.5
27986,0.5
21204,0.5
18793,0.5
27987,0.5
21131,0.5
19467,0.5
21132,0.5
27988,0.5
18780,0.5
17802,0.5
18794,0.5
18795,0.5
18781,0.5
18782,0.5
17803,0.5
19879,0.5
18796,0.5
18797,0.5
18798,0.5
17804,0.5
19880,0.5
19881,0.5
17805,0.5
18783,0.5
27989,0.5
18784,0.5
19882,0.5
18785,0.5
18799,0.5
19468,0.5
21133,0.5
19469,0.5
17806,0.5
18786,0.5
18800,0.5
17807,0.5
18787,0.5
27990,0.5
19883,0.5
18788,0.5
18801,0.5
21134,0.5
17808,0.5
27991,0.5
17809,0.5
27992,0.5
12361,0.5
12341,0.5
15282,0.5
11466,0.5
12362,0.5
14129,0.5
13375,0.5
14072,0.5
11467,0.5
11274,0.5
14073,0.5
12513,0.5
12344,0.5
13526,0.5
12515,0.5
14156,0.5
12345,0.5
13376,0.5
13446,0.5
13352,0.5
11468,0.5
14589,0.5
12394,0.5
14158,0.5
13527,0.5
13447,0.5
11469,0.5
14591,0.5
11470,0.5
12348,0.5
12517,0.5
13528,0.5
14824,0.5
11471,0.5
13377,0.5
14825,0.5
13504,0.5
11472,0.5
11473,0.5
14180,0.5
12561,0.5
12363,0.5
15492,0.5
12364,0.5
13506,0.5
12365,0.5
12366,0.5
13507,0.5
12367,0.5
11474,0.5
12563,0.5
11475,0.5
13681,0.5
13682,0.5
11275,0.5
13449,0.5
13683,0.5
13450,0.5
13685,0.5
13480,0.5
11476,0.5
12368,0.5
12397,0.5
12564,0.5
12369,0.5
13481,0.5
12350,0.5
11451,0.5
12351,0.5
14631,0.5
14595,0.5
11602,0.5
12398,0.5
12567,0.5
14831,0.5
11452,0.5
14080,0.5
14597,0.5
12399,0.5
11603,0.5
11453,0.5
12370,0.5
11454,0.5
13511,0.5
13606,0.5
14167,0.5
11604,0.5
14355,0.5
12400,0.5
12371,0.5
11605,0.5
13512,0.5
12503,0.5
12504,0.5
12372,0.5
12373,0.5
13608,0.5
15067,0.5
14988,0.5
14285,0.5
14989,0.5
14990,0.5
11606,0.5
11455,0.5
12568,0.5
12569,0.5
14991,0.5
11607,0.5
13690,0.5
12374,0.5
12375,0.5
13609,0.5
11456,0.5
11457,0.5
11458,0.5
12524,0.5
12376,0.5
12555,0.5
12571,0.5
11459,0.5
12525,0.5
11608,0.5
12477,0.5
14811,0.5
14336,0.5
14337,0.5
14605,0.5
13612,0.5
13485,0.5
13694,0.5
12627,0.5
13516,0.5
11609,0.5
13613,0.5
14338,0.5
12509,0.5
14509,0.5
12478,0.5
12574,0.5
13614,0.5
12479,0.5
13517,0.5
11610,0.5
11611,0.5
11460,0.5
12480,0.5
14996,0.5
14997,0.5
12510,0.5
12558,0.5
13518,0.5
12481,0.5
13489,0.5
11461,0.5
13490,0.5
13521,0.5
13700,0.5
11462,0.5
11463,0.5
13491,0.5
12629,0.5
12630,0.5
11464,0.5
11612,0.5
13523,0.5
12482,0.5
11613,0.5
11465,0.5
14819,0.5
13524,0.5
11614,0.5
14293,0.5
19798,0.5
6533,0.5
6534,0.5
9648,0.5
9649,0.5
8556,0.5
21400,0.5
8557,0.5
9082,0.5
7447,0.5
7448,0.5
7449,0.5
9381,0.5
6535,0.5
7325,0.5
9650,0.5
20025,0.5
21305,0.5
7326,0.5
9083,0.5
20026,0.5
9651,0.5
7450,0.5
9652,0.5
8558,0.5
9084,0.5
8559,0.5
9382,0.5
8560,0.5
8561,0.5
7451,0.5
6536,0.5
7327,0.5
7452,0.5
9383,0.5
17928,0.5
9384,0.5
7453,0.5
9385,0.5
7454,0.5
9085,0.5
8562,0.5
9386,0.5
6537,0.5
17932,0.5
8563,0.5
9653,0.5
9086,0.5
7328,0.5
9087,0.5
7329,0.5
9088,0.5
7480,0.5
9387,0.5
6538,0.5
9654,0.5
9089,0.5
8564,0.5
6539,0.5
6540,0.5
7657,0.5
8565,0.5
8766,0.5
7481,0.5
9655,0.5
9090,0.5
6541,0.5
6542,0.5
7658,0.5
8767,0.5
7659,0.5
8768,0.5
21405,0.5
21406,0.5
9656,0.5
9657,0.5
8769,0.5
9388,0.5
7482,0.5
9658,0.5
9659,0.5
6543,0.5
21310,0.5
7483,0.5
8770,0.5
9660,0.5
9091,0.5
19810,0.5
7660,0.5
7661,0.5
9389,0.5
8771,0.5
9390,0.5
21312,0.5
9661,0.5
6544,0.5
8772,0.5
9391,0.5
19813,0.5
9392,0.5
8773,0.5
8774,0.5
9662,0.5
9393,0.5
6545,0.5
9092,0.5
7484,0.5
8775,0.5
9663,0.5
8776,0.5
9093,0.5
9244,0.5
7662,0.5
9664,0.5
6546,0.5
20040,0.5
7663,0.5
9665,0.5
7485,0.5
9394,0.5
9245,0.5
9395,0.5
20041,0.5
9666,0.5
7664,0.5
9667,0.5
9396,0.5
8777,0.5
9397,0.5
8778,0.5
9668,0.5
8779,0.5
8780,0.5
9246,0.5
20044,0.5
19110,0.5
28052,0.5
18113,0.5
21424,0.5
20087,0.5
19158,0.5
19111,0.5
21701,0.5
28053,0.5
21509,0.5
21510,0.5
19159,0.5
19112,0.5
21511,0.5
28054,0.5
19113,0.5
18114,0.5
21702,0.5
18241,0.5
20236,0.5
18242,0.5
20237,0.5
20238,0.5
20239,0.5
28055,0.5
20240,0.5
28056,0.5
20241,0.5
28057,0.5
21512,0.5
20088,0.5
21703,0.5
21513,0.5
21704,0.5
21514,0.5
19114,0.5
20089,0.5
28058,0.5
21515,0.5
28059,0.5
28060,0.5
19115,0.5
19160,0.5
20242,0.5
18243,0.5
20090,0.5
20243,0.5
21516,0.5
18244,0.5
20091,0.5
19116,0.5
20244,0.5
21705,0.5
20092,0.5
19117,0.5
28061,0.5
21517,0.5
28062,0.5
28063,0.5
20245,0.5
18245,0.5
18246,0.5
18247,0.5
20093,0.5
18248,0.5
21518,0.5
20246,0.5
28064,0.5
21706,0.5
21519,0.5
18249,0.5
19118,0.5
19295,0.5
18250,0.5
21520,0.5
28065,0.5
18251,0.5
20094,0.5
19296,0.5
21521,0.5
20095,0.5
20247,0.5
19161,0.5
19162,0.5
20398,0.5
28066,0.5
20399,0.5
21522,0.5
20400,0.5
18252,0.5
20401,0.5
19297,0.5
21707,0.5
20402,0.5
21523,0.5
21708,0.5
19163,0.5
20096,0.5
19164,0.5
21524,0.5
18253,0.5
21709,0.5
19165,0.5
18254,0.5
18255,0.5
20097,0.5
21525,0.5
20248,0.5
21710,0.5
20249,0.5
28067,0.5
19298,0.5
20250,0.5
21711,0.5
20251,0.5
19299,0.5
20252,0.5
19166,0.5
20403,0.5
19167,0.5
19168,0.5
18256,0.5
20404,0.5
19300,0.5
21751,0.5
20253,0.5
19301,0.5
19169,0.5
18257,0.5
28068,0.5
21752,0.5
19345,0.5
18258,0.5
19302,0.5
21753,0.5
18259,0.5
19346,0.5
19347,0.5
28069,0.5
19348,0.5
20254,0.5
20255,0.5
20405,0.5
28070,0.5
20406,0.5
21754,0.5
20407,0.5
18260,0.5
21712,0.5
19349,0.5
20408,0.5
21713,0.5
18261,0.5
28071,0.5
19303,0.5
20409,0.5
28072,0.5
18262,0.5
19350,0.5
19304,0.5
18263,0.5
20256,0.5
21755,0.5
21714,0.5
28073,0.5
20410,0.5
20411,0.5
21756,0.5
19305,0.5
21715,0.5
21716,0.5
19306,0.5
21757,0.5
28074,0.5
20412,0.5
20413,0.5
20257,0.5
21717,0.5
21758,0.5
28075,0.5
19351,0.5
20258,0.5
20414,0.5
19352,0.5
21759,0.5
19353,0.5
19354,0.5
20259,0.5
28076,0.5
20415,0.5
19307,0.5
21760,0.5
21718,0.5
19355,0.5
21719,0.5
21720,0.5
20260,0.5
28077,0.5
20261,0.5
21721,0.5
20416,0.5
19308,0.5
19356,0.5
28078,0.5
21722,0.5
19620,0.5
19201,0.5
18118,0.5
17993,0.5
19884,0.5
17810,0.5
17601,0.5
19202,0.5
20198,0.5
17995,0.5
18829,0.5
17602,0.5
17811,0.5
18119,0.5
27877,0.5
18831,0.5
19260,0.5
18942,0.5
17603,0.5
16632,0.5
18120,0.5
17812,0.5
17604,0.5
17813,0.5
19885,0.5
19886,0.5
19262,0.5
19701,0.5
18834,0.5
18618,0.5
19702,0.5
17914,0.5
19203,0.5
19624,0.5
18836,0.5
19704,0.5
16633,0.5
17605,0.5
19888,0.5
17997,0.5
16634,0.5
17998,0.5
19705,0.5
17999,0.5
18837,0.5
17915,0.5
20207,0.5
19204,0.5
16635,0.5
19266,0.5
17916,0.5
19267,0.5
18121,0.5
16636,0.5
18000,0.5
16637,0.5
19891,0.5
17917,0.5
18001,0.5
20209,0.5
17606,0.5
27881,0.5
20370,0.5
18003,0.5
19892,0.5
17918,0.5
18004,0.5
27882,0.5
18841,0.5
17919,0.5
17607,0.5
19629,0.5
17920,0.5
19206,0.5
18006,0.5
19447,0.5
18944,0.5
16713,0.5
19893,0.5
19707,0.5
19895,0.5
18623,0.5
16714,0.5
17921,0.5
18624,0.5
18122,0.5
17608,0.5
17609,0.5
18625,0.5
16715,0.5
19047,0.5
17610,0.5
18007,0.5
19048,0.5
19708,0.5
17922,0.5
17923,0.5
17611,0.5
19050,0.5
17612,0.5
17924,0.5
16716,0.5
17613,0.5
19207,0.5
16717,0.5
18627,0.5
19051,0.5
19709,0.5
18010,0.5
16718,0.5
16719,0.5
16720,0.5
18126,0.5
17789,0.5
16721,0.5
16722,0.5
18011,0.5
19641,0.5
19450,0.5
19208,0.5
19052,0.5
17790,0.5
16723,0.5
27884,0.5
16724,0.5
18012,0.5
17925,0.5
16725,0.5
18952,0.5
18629,0.5
27887,0.5
19209,0.5
27888,0.5
19644,0.5
19452,0.5
19453,0.5
19796,0.5
18128,0.5
19053,0.5
19054,0.5
16726,0.5
27890,0.5
27891,0.5
18954,0.5
23543,0.5
23544,0.5
23545,0.5
22385,0.5
22009,0.5
23211,0.5
28538,0.5
22386,0.5
23546,0.5
28539,0.5
20804,0.5
28540,0.5
22387,0.5
23547,0.5
22388,0.5
24439,0.5
20805,0.5
23337,0.5
22389,0.5
22390,0.5
28541,0.5
23338,0.5
20806,0.5
20807,0.5
28542,0.5
23339,0.5
22010,0.5
24200,0.5
20808,0.5
24201,0.5
22011,0.5
24202,0.5
28543,0.5
28544,0.5
22391,0.5
20809,0.5
24440,0.5
22012,0.5
22013,0.5
20810,0.5
28545,0.5
22014,0.5
22392,0.5
23340,0.5
23341,0.5
23548,0.5
22393,0.5
28546,0.5
22394,0.5
22395,0.5
24203,0.5
24204,0.5
22015,0.5
22016,0.5
22396,0.5
24205,0.5
23549,0.5
24206,0.5
22397,0.5
23342,0.5
23550,0.5
24441,0.5
24442,0.5
23551,0.5
28547,0.5
22017,0.5
22018,0.5
20811,0.5
22398,0.5
22399,0.5
28548,0.5
23343,0.5
20812,0.5
28549,0.5
22019,0.5
22020,0.5
23552,0.5
28550,0.5
28551,0.5
28552,0.5
20813,0.5
23344,0.5
20814,0.5
22021,0.5
22022,0.5
23553,0.5
20815,0.5
28553,0.5
23554,0.5
24443,0.5
23555,0.5
22400,0.5
20816,0.5
20817,0.5
23556,0.5
22023,0.5
23345,0.5
24207,0.5
24444,0.5
24208,0.5
23346,0.5
28554,0.5
24445,0.5
24446,0.5
24209,0.5
28555,0.5
24210,0.5
23347,0.5
28556,0.5
24447,0.5
23348,0.5
20818,0.5
22024,0.5
22401,0.5
23557,0.5
24448,0.5
28557,0.5
23349,0.5
22025,0.5
23350,0.5
24211,0.5
24287,0.5
24449,0.5
24450,0.5
24451,0.5
22026,0.5
28558,0.5
23558,0.5
23351,0.5
22177,0.5
28559,0.5
23559,0.5
23560,0.5
22178,0.5
24452,0.5
28560,0.5
28561,0.5
24288,0.5
22179,0.5
28562,0.5
28563,0.5
28564,0.5
24453,0.5
20819,0.5
23352,0.5
23353,0.5
28565,0.5
28566,0.5
20820,0.5
23561,0.5
24454,0.5
23354,0.5
24289,0.5
23355,0.5
23562,0.5
20821,0.5
23688,0.5
24455,0.5
20822,0.5
22180,0.5
28567,0.5
24456,0.5
24457,0.5
22181,0.5
23356,0.5
24290,0.5
28568,0.5
22182,0.5
28569,0.5
22402,0.5
20998,0.5
24458,0.5
22183,0.5
22184,0.5
28570,0.5
22403,0.5
28571,0.5
22185,0.5
22491,0.5
28622,0.5
22709,0.5
22710,0.5
28623,0.5
24400,0.5
24401,0.5
21366,0.5
21367,0.5
23815,0.5
21368,0.5
21369,0.5
24402,0.5
24009,0.5
22711,0.5
21370,0.5
28624,0.5
24403,0.5
24782,0.5
23816,0.5
21371,0.5
24783,0.5
22712,0.5
22493,0.5
23817,0.5
22494,0.5
24404,0.5
24010,0.5
28625,0.5
24011,0.5
24012,0.5
24013,0.5
22713,0.5
24405,0.5
22714,0.5
23818,0.5
21372,0.5
24014,0.5
22715,0.5
22716,0.5
23819,0.5
22717,0.5
24015,0.5
22718,0.5
24406,0.5
22719,0.5
24784,0.5
24785,0.5
21373,0.5
23820,0.5
22495,0.5
24407,0.5
28626,0.5
24016,0.5
24408,0.5
28627,0.5
22496,0.5
22497,0.5
24017,0.5
21551,0.5
21552,0.5
24786,0.5
22720,0.5
22721,0.5
24787,0.5
22722,0.5
24409,0.5
21553,0.5
22723,0.5
24018,0.5
24410,0.5
24019,0.5
24020,0.5
23821,0.5
23822,0.5
22724,0.5
22498,0.5
22499,0.5
24162,0.5
24788,0.5
24163,0.5
22500,0.5
21554,0.5
21555,0.5
28628,0.5
24411,0.5
23823,0.5
28629,0.5
23824,0.5
21556,0.5
23825,0.5
24164,0.5
22501,0.5
24789,0.5
22652,0.5
24462,0.5
21557,0.5
23826,0.5
24165,0.5
28630,0.5
28631,0.5
21558,0.5
24790,0.5
21559,0.5
21560,0.5
24791,0.5
22653,0.5
23827,0.5
24463,0.5
28632,0.5
24166,0.5
24167,0.5
28633,0.5
28634,0.5
24464,0.5
24465,0.5
24792,0.5
24168,0.5
23828,0.5
28635,0.5
22725,0.5
24169,0.5
24170,0.5
28636,0.5
22726,0.5
21561,0.5
22654,0.5
24793,0.5
24466,0.5
22655,0.5
24794,0.5
28637,0.5
24467,0.5
24171,0.5
23829,0.5
22962,0.5
22656,0.5
24468,0.5
21562,0.5
22963,0.5
24795,0.5
24469,0.5
23830,0.5
24796,0.5
28638,0.5
23831,0.5
22657,0.5
22658,0.5
24172,0.5
23832,0.5
24470,0.5
28639,0.5
21563,0.5
24471,0.5
24173,0.5
24472,0.5
28640,0.5
23833,0.5
22964,0.5
23834,0.5
24473,0.5
22659,0.5
21564,0.5
21565,0.5
22660,0.5
24174,0.5
24474,0.5
22661,0.5
22662,0.5
28641,0.5
22663,0.5
28642,0.5
22664,0.5
22665,0.5
22666,0.5
